level1,level1_url,level2,level2_url,level3,level3_url,level4,level4_url
Printer Ink Cartridges & Toner Finder,https://www.staples.com/printer-ink-cartridges-toner-finder/cat_SC43,HP,https://www.staples.com/hp/cat_CG812,,,,
Printer Ink Cartridges & Toner Finder,https://www.staples.com/printer-ink-cartridges-toner-finder/cat_SC43,Epson Ink & Toner,https://www.staples.com/Epson-ink-cartridges-toner-cartridges/cat_CG782,,,,
Printer Ink Cartridges & Toner Finder,https://www.staples.com/printer-ink-cartridges-toner-finder/cat_SC43,Canon Ink & Toner,https://www.staples.com/Canon-ink-cartridges-toner-cartridges/cat_CG703,,,,
Printer Ink Cartridges & Toner Finder,https://www.staples.com/printer-ink-cartridges-toner-finder/cat_SC43,Brother Ink & Toner,https://www.staples.com/Brother-ink-cartridges-toner-cartridges/cat_CG628,,,,
Printer Ink Cartridges & Toner Finder,https://www.staples.com/printer-ink-cartridges-toner-finder/cat_SC43,Lexmark Ink & Toner,https://www.staples.com/Lexmark-ink-cartridges-toner-cartridges/cat_CG554,,,,
Printer Ink Cartridges & Toner Finder,https://www.staples.com/printer-ink-cartridges-toner-finder/cat_SC43,Samsung Ink & Toner,https://www.staples.com/Samsung-ink-cartridges-toner-cartridges/cat_CG682,,,,
Printer Ink Cartridges & Toner Finder,https://www.staples.com/printer-ink-cartridges-toner-finder/cat_SC43,Dell Ink & Toner,https://www.staples.com/Dell-ink-cartridges-toner-cartridges/cat_CG883,,,,
Printer Ink Cartridges & Toner Finder,https://www.staples.com/printer-ink-cartridges-toner-finder/cat_SC43,Toshiba Ink & Toner,https://www.staples.com/Toshiba-ink-cartridges-toner-cartridges/cat_CG711,,,,
Printer Ink Cartridges & Toner Finder,https://www.staples.com/printer-ink-cartridges-toner-finder/cat_SC43,Xerox Toner & Ink,https://www.staples.com/Xerox-ink-cartridges-toner-cartridges/cat_CG620,,,,
Printer Ink Cartridges & Toner Finder,https://www.staples.com/printer-ink-cartridges-toner-finder/cat_SC43,Sharp Ink & Toner,https://www.staples.com/Sharp-ink-cartridges-toner-cartridges/cat_CG817,,,,
Printer Ink Cartridges & Toner Finder,https://www.staples.com/printer-ink-cartridges-toner-finder/cat_SC43,OKI,https://www.staples.com/oki/cat_CG778,,,,
Printer Ink Cartridges & Toner Finder,https://www.staples.com/printer-ink-cartridges-toner-finder/cat_SC43,Ricoh Ink & Toner,https://www.staples.com/Ricoh/cat_CG704,,,,
"Shipping, Packing & Mailing Supplies",https://www.staples.com/Shipping-Packing-Mailing-Supplies/cat_SC5585,Packing Tape,https://www.staples.com/Packing-Tape/cat_CL140631,,,,
"Shipping, Packing & Mailing Supplies",https://www.staples.com/Shipping-Packing-Mailing-Supplies/cat_SC5585,Packing Tape Dispensers,https://www.staples.com/Packing-Tape-Dispensers/cat_CL350620,,,,
"Shipping, Packing & Mailing Supplies",https://www.staples.com/Shipping-Packing-Mailing-Supplies/cat_SC5585,Shipping Boxes,https://www.staples.com/Shipping-Boxes/cat_CL213835,,,,
"Shipping, Packing & Mailing Supplies",https://www.staples.com/Shipping-Packing-Mailing-Supplies/cat_SC5585,Corrugated Boxes & Pads,https://www.staples.com/Corrugated-Boxes-Pads/cat_DP350125,Corrugated Mailers,https://www.staples.com/Corrugated-Mailers/cat_CL141997,,
"Shipping, Packing & Mailing Supplies",https://www.staples.com/Shipping-Packing-Mailing-Supplies/cat_SC5585,Corrugated Boxes & Pads,https://www.staples.com/Corrugated-Boxes-Pads/cat_DP350125,Shippers,https://www.staples.com/Shippers/cat_CL350280,,
"Shipping, Packing & Mailing Supplies",https://www.staples.com/Shipping-Packing-Mailing-Supplies/cat_SC5585,Corrugated Boxes & Pads,https://www.staples.com/Corrugated-Boxes-Pads/cat_DP350125,Layer Pads,https://www.staples.com/Layer-Pads/cat_CL350281,,
"Shipping, Packing & Mailing Supplies",https://www.staples.com/Shipping-Packing-Mailing-Supplies/cat_SC5585,Corrugated Boxes & Pads,https://www.staples.com/Corrugated-Boxes-Pads/cat_DP350125,Shipping Boxes,https://www.staples.com/Shipping-Boxes/cat_CL213835,,
"Shipping, Packing & Mailing Supplies",https://www.staples.com/Shipping-Packing-Mailing-Supplies/cat_SC5585,Mailers,https://www.staples.com/Mailers/cat_CL142648,,,,
"Shipping, Packing & Mailing Supplies",https://www.staples.com/Shipping-Packing-Mailing-Supplies/cat_SC5585,Cushioning & Void Fill,https://www.staples.com/Cushioning-Void-Fill/cat_DP350126,Packing Peanuts,https://www.staples.com/Packing-Peanuts/cat_CL141645,,
"Shipping, Packing & Mailing Supplies",https://www.staples.com/Shipping-Packing-Mailing-Supplies/cat_SC5585,Cushioning & Void Fill,https://www.staples.com/Cushioning-Void-Fill/cat_DP350126,Bubble Rolls,https://www.staples.com/Bubble-Rolls/cat_CL350310,,
"Shipping, Packing & Mailing Supplies",https://www.staples.com/Shipping-Packing-Mailing-Supplies/cat_SC5585,Cushioning & Void Fill,https://www.staples.com/Cushioning-Void-Fill/cat_DP350126,Foam Rolls,https://www.staples.com/Foam-Rolls/cat_CL350311,,
"Shipping, Packing & Mailing Supplies",https://www.staples.com/Shipping-Packing-Mailing-Supplies/cat_SC5585,Cushioning & Void Fill,https://www.staples.com/Cushioning-Void-Fill/cat_DP350126,Packing Paper Rolls,https://www.staples.com/Packing-Paper-Rolls/cat_CL350314,,
"Shipping, Packing & Mailing Supplies",https://www.staples.com/Shipping-Packing-Mailing-Supplies/cat_SC5585,Cushioning & Void Fill,https://www.staples.com/Cushioning-Void-Fill/cat_DP350126,Packing Paper Sheets,https://www.staples.com/Packing-Paper-Sheets/cat_CL350315,,
"Shipping, Packing & Mailing Supplies",https://www.staples.com/Shipping-Packing-Mailing-Supplies/cat_SC5585,Cushioning & Void Fill,https://www.staples.com/Cushioning-Void-Fill/cat_DP350126,Cushioning Sheets,https://www.staples.com/Cushioning-Sheets/cat_CL350312,,
"Shipping, Packing & Mailing Supplies",https://www.staples.com/Shipping-Packing-Mailing-Supplies/cat_SC5585,Cushioning & Void Fill,https://www.staples.com/Cushioning-Void-Fill/cat_DP350126,Cushioning Bags & Sleeves,https://www.staples.com/Cushioning-Bags-Sleeves/cat_CL350313,,
"Shipping, Packing & Mailing Supplies",https://www.staples.com/Shipping-Packing-Mailing-Supplies/cat_SC5585,Cushioning & Void Fill,https://www.staples.com/Cushioning-Void-Fill/cat_DP350126,Air Pillows & Inflatable Packaging,https://www.staples.com/Air-Pillows-Inflatable-Packaging/cat_CL350317,,
"Shipping, Packing & Mailing Supplies",https://www.staples.com/Shipping-Packing-Mailing-Supplies/cat_SC5585,Postal Scales & Meters,https://www.staples.com/Postal-Scales-Meters/cat_CL141867,,,,
"Shipping, Packing & Mailing Supplies",https://www.staples.com/Shipping-Packing-Mailing-Supplies/cat_SC5585,Literature & Mail Sorters,https://www.staples.com/Literature-Mail-Sorters/cat_CL141866,,,,
"Shipping, Packing & Mailing Supplies",https://www.staples.com/Shipping-Packing-Mailing-Supplies/cat_SC5585,Poly Bags,https://www.staples.com/Poly-Bags/cat_CL350297,,,,
"Shipping, Packing & Mailing Supplies",https://www.staples.com/Shipping-Packing-Mailing-Supplies/cat_SC5585,Strapping & Strapping Equipment,https://www.staples.com/Strapping-Strapping-Equipment/cat_DP350130,Strapping Carts,https://www.staples.com/strapping-carts/cat_CL350295,,
"Shipping, Packing & Mailing Supplies",https://www.staples.com/Shipping-Packing-Mailing-Supplies/cat_SC5585,Strapping & Strapping Equipment,https://www.staples.com/Strapping-Strapping-Equipment/cat_DP350130,Strapping,https://www.staples.com/Strapping/cat_CL350293,,
"Shipping, Packing & Mailing Supplies",https://www.staples.com/Shipping-Packing-Mailing-Supplies/cat_SC5585,Strapping & Strapping Equipment,https://www.staples.com/Strapping-Strapping-Equipment/cat_DP350130,Seals & Buckles,https://www.staples.com/Seals-Buckles/cat_CL350282,,
"Shipping, Packing & Mailing Supplies",https://www.staples.com/Shipping-Packing-Mailing-Supplies/cat_SC5585,Strapping & Strapping Equipment,https://www.staples.com/Strapping-Strapping-Equipment/cat_DP350130,Strapping Tools,https://www.staples.com/Strapping-Tools/cat_CL350294,,
"Shipping, Packing & Mailing Supplies",https://www.staples.com/Shipping-Packing-Mailing-Supplies/cat_SC5585,Strapping & Strapping Equipment,https://www.staples.com/Strapping-Strapping-Equipment/cat_DP350130,Pallet Cones,https://www.staples.com/pallet-cones/cat_CL350690,,
"Shipping, Packing & Mailing Supplies",https://www.staples.com/Shipping-Packing-Mailing-Supplies/cat_SC5585,Strapping & Strapping Equipment,https://www.staples.com/Strapping-Strapping-Equipment/cat_DP350130,Strapping Machines,https://www.staples.com/Strapping-Supplies/cat_CL141878,,
"Shipping, Packing & Mailing Supplies",https://www.staples.com/Shipping-Packing-Mailing-Supplies/cat_SC5585,Strapping & Strapping Equipment,https://www.staples.com/Strapping-Strapping-Equipment/cat_DP350130,Edge Protectors,https://www.staples.com/Edge-Protectors/cat_CL218877,,
"Shipping, Packing & Mailing Supplies",https://www.staples.com/Shipping-Packing-Mailing-Supplies/cat_SC5585,Strapping & Strapping Equipment,https://www.staples.com/Strapping-Strapping-Equipment/cat_DP350130,"Rope, String & Twine",https://www.staples.com/Rope-String-Twine/cat_CL141640,,
"Shipping, Packing & Mailing Supplies",https://www.staples.com/Shipping-Packing-Mailing-Supplies/cat_SC5585,Paper Folding Machines & Joggers,https://www.staples.com/Paper-Folding-Machines-Joggers/cat_CL140639,,,,
Office Supplies,https://www.staples.com/Office-Supplies/cat_SC1,Binders,https://www.staples.com/Binders/cat_CL167205,,,,
Office Supplies,https://www.staples.com/Office-Supplies/cat_SC1,Desk Organizers & Accessories,https://www.staples.com/Desk-Organizers-Accessories/cat_CG22,Wall Files,https://www.staples.com/Wall-Files/cat_CL142107,,
Office Supplies,https://www.staples.com/Office-Supplies/cat_SC1,Desk Organizers & Accessories,https://www.staples.com/Desk-Organizers-Accessories/cat_CG22,Business Card Holders & Files,https://www.staples.com/Business-Card-Holders-Files/cat_CL163092,,
Office Supplies,https://www.staples.com/Office-Supplies/cat_SC1,Desk Organizers & Accessories,https://www.staples.com/Desk-Organizers-Accessories/cat_CG22,Bookends,https://www.staples.com/Bookends/cat_CL142117,,
Office Supplies,https://www.staples.com/Office-Supplies/cat_SC1,Desk Organizers & Accessories,https://www.staples.com/Desk-Organizers-Accessories/cat_CG22,Desk Pads,https://www.staples.com/Desk-Pads/cat_CL140589,,
Office Supplies,https://www.staples.com/Office-Supplies/cat_SC1,Desk Organizers & Accessories,https://www.staples.com/Desk-Organizers-Accessories/cat_CG22,Drawer Organizers,https://www.staples.com/Drawer-Organizers/cat_CL163265,,
Office Supplies,https://www.staples.com/Office-Supplies/cat_SC1,Desk Organizers & Accessories,https://www.staples.com/Desk-Organizers-Accessories/cat_CG22,File Organizers,https://www.staples.com/File-Organizers/cat_CL354546,,
Office Supplies,https://www.staples.com/Office-Supplies/cat_SC1,Desk Organizers & Accessories,https://www.staples.com/Desk-Organizers-Accessories/cat_CG22,Book & Document Holders,https://www.staples.com/Book-Document-Holders/cat_CL354545,,
Office Supplies,https://www.staples.com/Office-Supplies/cat_SC1,Desk Organizers & Accessories,https://www.staples.com/Desk-Organizers-Accessories/cat_CG22,Desk Organizer Sets,https://www.staples.com/Desk-Organizer-Sets/cat_CL140986,,
Office Supplies,https://www.staples.com/Office-Supplies/cat_SC1,Desk Organizers & Accessories,https://www.staples.com/Desk-Organizers-Accessories/cat_CG22,File Sorters,https://www.staples.com/File-Sorters/cat_CL163317,,
Office Supplies,https://www.staples.com/Office-Supplies/cat_SC1,Desk Organizers & Accessories,https://www.staples.com/Desk-Organizers-Accessories/cat_CG22,Magazine Holders,https://www.staples.com/Magazine-Holders/cat_CL160476,,
Office Supplies,https://www.staples.com/Office-Supplies/cat_SC1,Desk Organizers & Accessories,https://www.staples.com/Desk-Organizers-Accessories/cat_CG22,Desk Organizers,https://www.staples.com/Desk-Organizers/cat_CL140991,,
Office Supplies,https://www.staples.com/Office-Supplies/cat_SC1,Desk Organizers & Accessories,https://www.staples.com/Desk-Organizers-Accessories/cat_CG22,Letter & Desktop Trays,https://www.staples.com/Letter-Desktop-Trays/cat_CL142133,,
Office Supplies,https://www.staples.com/Office-Supplies/cat_SC1,Folders & Filing,https://www.staples.com/Folders-Filing/cat_CG3539,File Folders,https://www.staples.com/File-Folders/cat_CL141669,,
Office Supplies,https://www.staples.com/Office-Supplies/cat_SC1,Folders & Filing,https://www.staples.com/Folders-Filing/cat_CG3539,Hanging File Folders,https://www.staples.com/Hanging-File-Folders/cat_CL140599,,
Office Supplies,https://www.staples.com/Office-Supplies/cat_SC1,Folders & Filing,https://www.staples.com/Folders-Filing/cat_CG3539,Accordion Folders,https://www.staples.com/Accordion-Folders/cat_CL220757,,
Office Supplies,https://www.staples.com/Office-Supplies/cat_SC1,Folders & Filing,https://www.staples.com/Folders-Filing/cat_CG3539,Classification Folders,https://www.staples.com/Classification-Folders/cat_CL142831,,
Office Supplies,https://www.staples.com/Office-Supplies/cat_SC1,Folders & Filing,https://www.staples.com/Folders-Filing/cat_CG3539,File Pockets & Jackets,https://www.staples.com/File-Pockets-Jackets/cat_CL161019,,
Office Supplies,https://www.staples.com/Office-Supplies/cat_SC1,Folders & Filing,https://www.staples.com/Folders-Filing/cat_CG3539,File Sorters,https://www.staples.com/File-Sorters/cat_CL163317,,
Office Supplies,https://www.staples.com/Office-Supplies/cat_SC1,Folders & Filing,https://www.staples.com/Folders-Filing/cat_CG3539,File Storage,https://www.staples.com/File-Storage/cat_CL165731,,
Office Supplies,https://www.staples.com/Office-Supplies/cat_SC1,Folders & Filing,https://www.staples.com/Folders-Filing/cat_CG3539,Filing Accessories,https://www.staples.com/Filing-Accessories/cat_CL158855,,
Office Supplies,https://www.staples.com/Office-Supplies/cat_SC1,Folders & Filing,https://www.staples.com/Folders-Filing/cat_CG3539,Pocket Folders,https://www.staples.com/Pocket-Folders/cat_CL140674,,
Office Supplies,https://www.staples.com/Office-Supplies/cat_SC1,Folders & Filing,https://www.staples.com/Folders-Filing/cat_CG3539,Presentation Books,https://www.staples.com/Presentation-Books/cat_CL162165,,
Office Supplies,https://www.staples.com/Office-Supplies/cat_SC1,Folders & Filing,https://www.staples.com/Folders-Filing/cat_CG3539,Report Covers,https://www.staples.com/Report-Covers/cat_CL130501,,
Office Supplies,https://www.staples.com/Office-Supplies/cat_SC1,Folders & Filing,https://www.staples.com/Folders-Filing/cat_CG3539,Filing Cabinets,https://www.staples.com/File-Cabinets/cat_CL70401,,
Office Supplies,https://www.staples.com/Office-Supplies/cat_SC1,Folders & Filing,https://www.staples.com/Folders-Filing/cat_CG3539,Wall Files,,,
Office Supplies,https://www.staples.com/Office-Supplies/cat_SC1,Folders & Filing,https://www.staples.com/Folders-Filing/cat_CG3539,Desk & Paper Trays,https://www.staples.com/Letter-Desktop-Trays/cat_CL142133,,
Office Supplies,https://www.staples.com/Office-Supplies/cat_SC1,Folders & Filing,https://www.staples.com/Folders-Filing/cat_CG3539,File Organizers,https://www.staples.com/File-Organizers/cat_CL354546,,
Office Supplies,https://www.staples.com/Office-Supplies/cat_SC1,Folders & Filing,https://www.staples.com/Folders-Filing/cat_CG3539,Literature & Mail Sorters,https://www.staples.com/Literature-Mail-Sorters/cat_CL141866,,
Office Supplies,https://www.staples.com/Office-Supplies/cat_SC1,Folders & Filing,https://www.staples.com/Folders-Filing/cat_CG3539,Labels,https://www.staples.com/Labels/cat_CL142725,,
Office Supplies,https://www.staples.com/Office-Supplies/cat_SC1,Office Basics,https://www.staples.com/Office-Basics/cat_CG1036,Office Supply Kits,https://www.staples.com/Office-Supply-Kits/cat_CL354685,,
Office Supplies,https://www.staples.com/Office-Supplies/cat_SC1,Office Basics,https://www.staples.com/Office-Basics/cat_CG1036,Binder & Paper Clips,https://www.staples.com/Clips-Fasteners/cat_CL10102,,
Office Supplies,https://www.staples.com/Office-Supplies/cat_SC1,Office Basics,https://www.staples.com/Office-Basics/cat_CG1036,Rubber Bands,https://www.staples.com/Rubber-Bands/cat_CL163579,,
Office Supplies,https://www.staples.com/Office-Supplies/cat_SC1,Office Basics,https://www.staples.com/Office-Basics/cat_CG1036,Post-it & Sticky Notes,https://www.staples.com/Post-it-Sticky-Notes/cat_CL165755,,
Office Supplies,https://www.staples.com/Office-Supplies/cat_SC1,Office Basics,https://www.staples.com/Office-Basics/cat_CG1036,Staplers,https://www.staples.com/Staplers/cat_CL10700,,
Office Supplies,https://www.staples.com/Office-Supplies/cat_SC1,Office Basics,https://www.staples.com/Office-Basics/cat_CG1036,Staples,https://www.staples.com/Staples/cat_CL10704,,
Office Supplies,https://www.staples.com/Office-Supplies/cat_SC1,Office Basics,https://www.staples.com/Office-Basics/cat_CG1036,Scissors,https://www.staples.com/Scissors/cat_CL10504,,
Office Supplies,https://www.staples.com/Office-Supplies/cat_SC1,Office Basics,https://www.staples.com/Office-Basics/cat_CG1036,Rulers & Measuring Devices,https://www.staples.com/Rulers-Measuring-Devices/cat_CL10503,,
Office Supplies,https://www.staples.com/Office-Supplies/cat_SC1,Office Basics,https://www.staples.com/Office-Basics/cat_CG1036,Clear Tape,https://www.staples.com/Clear-Tape/cat_CL10003,,
Office Supplies,https://www.staples.com/Office-Supplies/cat_SC1,Office Basics,https://www.staples.com/Office-Basics/cat_CG1036,Tape Dispensers,https://www.staples.com/Tape-Dispensers/cat_CL215666,,
Office Supplies,https://www.staples.com/Office-Supplies/cat_SC1,Office Basics,https://www.staples.com/Office-Basics/cat_CG1036,Clipboards,https://www.staples.com/Clipboards/cat_CL140606,,
Office Supplies,https://www.staples.com/Office-Supplies/cat_SC1,Office Basics,https://www.staples.com/Office-Basics/cat_CG1036,Hole Punches,https://www.staples.com/Paper-Punches/cat_CL160904,,
Office Supplies,https://www.staples.com/Office-Supplies/cat_SC1,Office Basics,https://www.staples.com/Office-Basics/cat_CG1036,Paper Cutters,https://www.staples.com/Paper-Trimmers/cat_CL167637,,
Office Supplies,https://www.staples.com/Office-Supplies/cat_SC1,Office Basics,https://www.staples.com/Office-Basics/cat_CG1036,Calculators,https://www.staples.com/Calculators/cat_CG3981,Basic Calculators,https://www.staples.com/Basic-Calculators/cat_CL90000
Office Supplies,https://www.staples.com/Office-Supplies/cat_SC1,Office Basics,https://www.staples.com/Office-Basics/cat_CG1036,Calculators,https://www.staples.com/Calculators/cat_CG3981,Scientific Calculators,https://www.staples.com/Scientific-Calculators/cat_CL90002
Office Supplies,https://www.staples.com/Office-Supplies/cat_SC1,Office Basics,https://www.staples.com/Office-Basics/cat_CG1036,Calculators,https://www.staples.com/Calculators/cat_CG3981,Graphing Calculators,https://www.staples.com/Graphing-Calculators/cat_CL90003
Office Supplies,https://www.staples.com/Office-Supplies/cat_SC1,Office Basics,https://www.staples.com/Office-Basics/cat_CG1036,Calculators,https://www.staples.com/Calculators/cat_CG3981,Financial Calculators,https://www.staples.com/Financial-Calculators/cat_CL140514
Office Supplies,https://www.staples.com/Office-Supplies/cat_SC1,Office Basics,https://www.staples.com/Office-Basics/cat_CG1036,Calculators,https://www.staples.com/Calculators/cat_CG3981,Calculator Accessories,https://www.staples.com/Calculator-Accessories/cat_CL30100
Office Supplies,https://www.staples.com/Office-Supplies/cat_SC1,Office Basics,https://www.staples.com/Office-Basics/cat_CG1036,Calculators,https://www.staples.com/Calculators/cat_CG3981,Printing Calculators,https://www.staples.com/Printing-Calculators/cat_CL90001
Office Supplies,https://www.staples.com/Office-Supplies/cat_SC1,Office Basics,https://www.staples.com/Office-Basics/cat_CG1036,Calculators,https://www.staples.com/Calculators/cat_CG3981,Industry Specific Calculators,https://www.staples.com/Industry-Specific-Calculators/cat_CL215227
Office Supplies,https://www.staples.com/Office-Supplies/cat_SC1,Office Basics,https://www.staples.com/Office-Basics/cat_CG1036,Thumb Tacks & Push Pins,https://www.staples.com/Thumb-Tacks-Push-Pins/cat_CL354692,,
Office Supplies,https://www.staples.com/Office-Supplies/cat_SC1,Office Basics,https://www.staples.com/Office-Basics/cat_CG1036,Paper Fasteners,https://www.staples.com/Paper-Fasteners/cat_CL354691,,
Office Supplies,https://www.staples.com/Office-Supplies/cat_SC1,Office Basics,https://www.staples.com/Office-Basics/cat_CG1036,Staple Removers,https://www.staples.com/Staple-Removers/cat_CL140862,,
Office Supplies,https://www.staples.com/Office-Supplies/cat_SC1,Office Basics,https://www.staples.com/Office-Basics/cat_CG1036,TRU RED Business Essentials,https://www.staples.com/tru-red/cat_SC350051,,
Office Supplies,https://www.staples.com/Office-Supplies/cat_SC1,Office Basics,https://www.staples.com/Office-Basics/cat_CG1036,Writing Supplies,https://www.staples.com/Writing-Supplies/cat_CG11,Pens,https://www.staples.com/Pens/cat_CL110001
Office Supplies,https://www.staples.com/Office-Supplies/cat_SC1,Office Basics,https://www.staples.com/Office-Basics/cat_CG1036,Writing Supplies,https://www.staples.com/Writing-Supplies/cat_CG11,Pencils,https://www.staples.com/Pencils/cat_CL110200
Office Supplies,https://www.staples.com/Office-Supplies/cat_SC1,Office Basics,https://www.staples.com/Office-Basics/cat_CG1036,Writing Supplies,https://www.staples.com/Writing-Supplies/cat_CG11,Markers,https://www.staples.com/Markers/cat_CL140896
Office Supplies,https://www.staples.com/Office-Supplies/cat_SC1,Office Basics,https://www.staples.com/Office-Basics/cat_CG1036,Writing Supplies,https://www.staples.com/Writing-Supplies/cat_CG11,Highlighters,https://www.staples.com/Highlighters/cat_CL158890
Office Supplies,https://www.staples.com/Office-Supplies/cat_SC1,Office Basics,https://www.staples.com/Office-Basics/cat_CG1036,Writing Supplies,https://www.staples.com/Writing-Supplies/cat_CG11,Correction Fluid & Tape,https://www.staples.com/Correction-White-Out/cat_CL350630
Office Supplies,https://www.staples.com/Office-Supplies/cat_SC1,Office Basics,https://www.staples.com/Office-Basics/cat_CG1036,Writing Supplies,https://www.staples.com/Writing-Supplies/cat_CG11,Erasers,https://www.staples.com/Erasers/cat_CL140615
Office Supplies,https://www.staples.com/Office-Supplies/cat_SC1,Office Basics,https://www.staples.com/Office-Basics/cat_CG1036,Writing Supplies,https://www.staples.com/Writing-Supplies/cat_CG11,Pencil Sharpeners,https://www.staples.com/Pencil-Sharpeners/cat_CL110300
Office Supplies,https://www.staples.com/Office-Supplies/cat_SC1,Office Basics,https://www.staples.com/Office-Basics/cat_CG1036,Writing Supplies,https://www.staples.com/Writing-Supplies/cat_CG11,Pencil Cases & Pouches,https://www.staples.com/Pencil-Cases-Pouches/cat_CL141253
Office Supplies,https://www.staples.com/Office-Supplies/cat_SC1,Office Basics,https://www.staples.com/Office-Basics/cat_CG1036,Writing Supplies,https://www.staples.com/Writing-Supplies/cat_CG11,Stylus & Smart Pens,https://www.staples.com/Stylus-Smart-Pens/cat_CL166408
Office Supplies,https://www.staples.com/Office-Supplies/cat_SC1,Office Basics,https://www.staples.com/Office-Basics/cat_CG1036,Writing Supplies,https://www.staples.com/Writing-Supplies/cat_CG11,Art & School Markers,https://www.staples.com/Art-School-Markers/cat_CL221591
Office Supplies,https://www.staples.com/Office-Supplies/cat_SC1,Office Basics,https://www.staples.com/Office-Basics/cat_CG1036,Writing Supplies,https://www.staples.com/Writing-Supplies/cat_CG11,Dry Erase Markers,https://www.staples.com/Dry-Erase-Markers/cat_CL140896/c0z1c
Office Supplies,https://www.staples.com/Office-Supplies/cat_SC1,Office Basics,https://www.staples.com/Office-Basics/cat_CG1036,Writing Supplies,https://www.staples.com/Writing-Supplies/cat_CG11,Permanent Markers,https://www.staples.com/Permanent-Markers/cat_CL140896/c0y30
Office Supplies,https://www.staples.com/Office-Supplies/cat_SC1,Office Basics,https://www.staples.com/Office-Basics/cat_CG1036,Writing Supplies,https://www.staples.com/Writing-Supplies/cat_CG11,Wet Erase Markers,https://www.staples.com/Wet-Erase-Markers/cat_CL140896/c15in
Office Supplies,https://www.staples.com/Office-Supplies/cat_SC1,Office Basics,https://www.staples.com/Office-Basics/cat_CG1036,Writing Supplies,https://www.staples.com/Writing-Supplies/cat_CG11,#2 Pencils,https://www.staples.com/Pencils/cat_CL110200/6ozw8
Office Supplies,https://www.staples.com/Office-Supplies/cat_SC1,Office Basics,https://www.staples.com/Office-Basics/cat_CG1036,Writing Supplies,https://www.staples.com/Writing-Supplies/cat_CG11,Fountain Pens,https://www.staples.com/fountain-pens/cat_CL110001/8wksb
Office Supplies,https://www.staples.com/Office-Supplies/cat_SC1,Office Basics,https://www.staples.com/Office-Basics/cat_CG1036,Writing Supplies,https://www.staples.com/Writing-Supplies/cat_CG11,"Notebooks, Notepads & Journals",https://www.staples.com/notebooks-notepads/cat_CG3783
Office Supplies,https://www.staples.com/Office-Supplies/cat_SC1,Office Basics,https://www.staples.com/Office-Basics/cat_CG1036,Writing Supplies,https://www.staples.com/Writing-Supplies/cat_CG11,Sticky Notes,https://www.staples.com/Post-it-Sticky-Notes/cat_CL165755
Office Supplies,https://www.staples.com/Office-Supplies/cat_SC1,Office Basics,https://www.staples.com/Office-Basics/cat_CG1036,Writing Supplies,https://www.staples.com/Writing-Supplies/cat_CG11,Loose Leaf Paper,https://www.staples.com/Loose-Leaf-Graph-Paper/cat_CL161811
Office Supplies,https://www.staples.com/Office-Supplies/cat_SC1,Office Basics,https://www.staples.com/Office-Basics/cat_CG1036,Writing Supplies,https://www.staples.com/Writing-Supplies/cat_CG11,Desk Organizers & Accessories,https://www.staples.com/Desk-Organizers-Accessories/cat_CG22
Office Supplies,https://www.staples.com/Office-Supplies/cat_SC1,Office Basics,https://www.staples.com/Office-Basics/cat_CG1036,Writing Supplies,https://www.staples.com/Writing-Supplies/cat_CG11,TRU RED Pens by Staples,https://www.staples.com/TRU-RED-Pens/cat_CL110001/5en3l
Office Supplies,https://www.staples.com/Office-Supplies/cat_SC1,Office Basics,https://www.staples.com/Office-Basics/cat_CG1036,Writing Supplies,https://www.staples.com/Writing-Supplies/cat_CG11,Staples Gel Pens,https://www.staples.com/Staples-Gel-Pens/cat_CL110001/006y1-87vuv
Office Supplies,https://www.staples.com/Office-Supplies/cat_SC1,Office Basics,https://www.staples.com/Office-Basics/cat_CG1036,Paper,https://www.staples.com/Stationery-Invitations/cat_CG350061,,
Office Supplies,https://www.staples.com/Office-Supplies/cat_SC1,Office Basics,https://www.staples.com/Office-Basics/cat_CG1036,Envelopes,https://www.staples.com/Envelopes/cat_CL142681,,
Office Supplies,https://www.staples.com/Office-Supplies/cat_SC1,Office Basics,https://www.staples.com/Office-Basics/cat_CG1036,Index Cards,https://www.staples.com/Index-Cards/cat_CL214476,,
Office Supplies,https://www.staples.com/Office-Supplies/cat_SC1,Office Basics,https://www.staples.com/Office-Basics/cat_CG1036,Folders & Filing,https://www.staples.com/Folders-Filing/cat_CG3539,,
Office Supplies,https://www.staples.com/Office-Supplies/cat_SC1,Office Basics,https://www.staples.com/Office-Basics/cat_CG1036,Desk Accessories,https://www.staples.com/Desk-Organizers-Accessories/cat_CG22,,
Office Supplies,https://www.staples.com/Office-Supplies/cat_SC1,Office Basics,https://www.staples.com/Office-Basics/cat_CG1036,Post-it Sticky Flags & Tabs,https://www.staples.com/Post-it-Sticky-Flags-Tabs/cat_CL165756,,
Office Supplies,https://www.staples.com/Office-Supplies/cat_SC1,Office Basics,https://www.staples.com/Office-Basics/cat_CG1036,Post-it and Sticky Notes Dispensers,https://www.staples.com/Post-it-and-Sticky-Notes-Dispensers/cat_CL165757,,
Office Supplies,https://www.staples.com/Office-Supplies/cat_SC1,"Tape, Fasteners & Adhesives",https://www.staples.com/Tape-Fasteners-Adhesives/cat_CG3745,Tape Dispensers,https://www.staples.com/Tape-Dispensers/cat_CL215666,,
Office Supplies,https://www.staples.com/Office-Supplies/cat_SC1,"Tape, Fasteners & Adhesives",https://www.staples.com/Tape-Fasteners-Adhesives/cat_CG3745,Adhesive Dots & Tape Runners,https://www.staples.com/Adhesive-Dots-Tape-Runners/cat_CL354675,,
Office Supplies,https://www.staples.com/Office-Supplies/cat_SC1,"Tape, Fasteners & Adhesives",https://www.staples.com/Tape-Fasteners-Adhesives/cat_CG3745,Glue & Glue Sticks,https://www.staples.com/Glue-Glue-Sticks/cat_CL166024,,
Office Supplies,https://www.staples.com/Office-Supplies/cat_SC1,"Tape, Fasteners & Adhesives",https://www.staples.com/Tape-Fasteners-Adhesives/cat_CG3745,Mounting,https://www.staples.com/Mounting/cat_DP10541,,
Office Supplies,https://www.staples.com/Office-Supplies/cat_SC1,"Tape, Fasteners & Adhesives",https://www.staples.com/Tape-Fasteners-Adhesives/cat_CG3745,Hot Glue Sticks & Guns,https://www.staples.com/Hot-Glue-Sticks-Guns/cat_CL354680,,
Office Supplies,https://www.staples.com/Office-Supplies/cat_SC1,"Tape, Fasteners & Adhesives",https://www.staples.com/Tape-Fasteners-Adhesives/cat_CG3745,Tape,https://www.staples.com/Adhesives-Tape/cat_DP100,,
Office Supplies,https://www.staples.com/Office-Supplies/cat_SC1,Storage & Organization,https://www.staples.com/Storage-Organization/cat_CG3633,School Supplies,https://www.staples.com/School-Supplies/cat_SC350235,,
Office Supplies,https://www.staples.com/Office-Supplies/cat_SC1,Storage & Organization,https://www.staples.com/Storage-Organization/cat_CG3633,Storage Containers & Boxes,https://www.staples.com/Storage-Containers-Boxes/cat_CL215127,,
Office Supplies,https://www.staples.com/Office-Supplies/cat_SC1,Storage & Organization,https://www.staples.com/Storage-Organization/cat_CG3633,Plastic Storage Containers,https://www.staples.com/Plastic-Storage-Containers-Boxes/cat_CL215127/9fmhm,,
Office Supplies,https://www.staples.com/Office-Supplies/cat_SC1,Storage & Organization,https://www.staples.com/Storage-Organization/cat_CG3633,Storage Drawers,https://www.staples.com/Storage-Drawers/cat_CL140604,,
Office Supplies,https://www.staples.com/Office-Supplies/cat_SC1,Storage & Organization,https://www.staples.com/Storage-Organization/cat_CG3633,Storage Bins,https://www.staples.com/Storage-Bins/cat_CL354710,,
Office Supplies,https://www.staples.com/Office-Supplies/cat_SC1,Storage & Organization,https://www.staples.com/Storage-Organization/cat_CG3633,File Boxes,https://www.staples.com/File-Storage/cat_CL165731,,
Office Supplies,https://www.staples.com/Office-Supplies/cat_SC1,Storage & Organization,https://www.staples.com/Storage-Organization/cat_CG3633,Filing Cabinets,https://www.staples.com/File-Cabinets/cat_CL70401,,
Office Supplies,https://www.staples.com/Office-Supplies/cat_SC1,Storage & Organization,https://www.staples.com/Storage-Organization/cat_CG3633,Desk Organizers,https://www.staples.com/Desk-Organizers-Accessories/cat_CG22,,
Office Supplies,https://www.staples.com/Office-Supplies/cat_SC1,Storage & Organization,https://www.staples.com/Storage-Organization/cat_CG3633,Desk Drawer Organizers,https://www.staples.com/Drawer-Organizers/cat_CL163265,,
Office Supplies,https://www.staples.com/Office-Supplies/cat_SC1,Storage & Organization,https://www.staples.com/Storage-Organization/cat_CG3633,Storage Furniture,https://www.staples.com/storage-furniture/cat_CG3392,,
Office Supplies,https://www.staples.com/Office-Supplies/cat_SC1,Storage & Organization,https://www.staples.com/Storage-Organization/cat_CG3633,Bookshelves,https://www.staples.com/Bookcases-Bookshelves/cat_CL166206,,
Office Supplies,https://www.staples.com/Office-Supplies/cat_SC1,Storage & Organization,https://www.staples.com/Storage-Organization/cat_CG3633,Storage Cubes,https://www.staples.com/storage-cubes/cat_CL16202,,
Office Supplies,https://www.staples.com/Office-Supplies/cat_SC1,Storage & Organization,https://www.staples.com/Storage-Organization/cat_CG3633,Storage Cabinets,https://www.staples.com/Storage-Cabinets/cat_CL140910,,
Office Supplies,https://www.staples.com/Office-Supplies/cat_SC1,Storage & Organization,https://www.staples.com/Storage-Organization/cat_CG3633,Closet Storage & Organization,https://www.staples.com/Closet-Storage-Organizers/cat_CL215220,,
Office Supplies,https://www.staples.com/Office-Supplies/cat_SC1,Storage & Organization,https://www.staples.com/Storage-Organization/cat_CG3633,Shelving,https://www.staples.com/Shelving/cat_CL140911,,
Office Supplies,https://www.staples.com/Office-Supplies/cat_SC1,Storage & Organization,https://www.staples.com/Storage-Organization/cat_CG3633,Classroom Storage,https://www.staples.com/Classroom-Storage-Organization/cat_CL207294,,
Office Supplies,https://www.staples.com/Office-Supplies/cat_SC1,Storage & Organization,https://www.staples.com/Storage-Organization/cat_CG3633,Carts & Stands,https://www.staples.com/carts-stands/cat_CG3721,,
Office Supplies,https://www.staples.com/Office-Supplies/cat_SC1,Storage & Organization,https://www.staples.com/Storage-Organization/cat_CG3633,Label Makers & Tapes,https://www.staples.com/Label-Makers-Tapes/cat_CG3619,,
Office Supplies,https://www.staples.com/Office-Supplies/cat_SC1,Storage & Organization,https://www.staples.com/Storage-Organization/cat_CG3633,Binders,https://www.staples.com/Binders/cat_CL167205,,
Office Supplies,https://www.staples.com/Office-Supplies/cat_SC1,Storage & Organization,https://www.staples.com/Storage-Organization/cat_CG3633,Folders & Filing,https://www.staples.com/Folders-Filing/cat_CG3539,,
Office Supplies,https://www.staples.com/Office-Supplies/cat_SC1,Storage & Organization,https://www.staples.com/Storage-Organization/cat_CG3633,Labels,https://www.staples.com/Labels/cat_CL142725,,
Office Supplies,https://www.staples.com/Office-Supplies/cat_SC1,Storage & Organization,https://www.staples.com/Storage-Organization/cat_CG3633,Shredders,https://www.staples.com/Shredders/cat_CL141980,,
Office Supplies,https://www.staples.com/Office-Supplies/cat_SC1,Storage & Organization,https://www.staples.com/Storage-Organization/cat_CG3633,Moving Supplies,https://www.staples.com/Moving-Supplies/cat_CL221465,,
Office Supplies,https://www.staples.com/Office-Supplies/cat_SC1,Storage & Organization,https://www.staples.com/Storage-Organization/cat_CG3633,Cardboard Boxes,https://www.staples.com/Shipping-Boxes/cat_CL213835,,
Office Supplies,https://www.staples.com/Office-Supplies/cat_SC1,Storage & Organization,https://www.staples.com/Storage-Organization/cat_CG3633,Bubble Roll Cushioning,https://www.staples.com/Bubble-Rolls/cat_CL350310,,
Office Supplies,https://www.staples.com/Office-Supplies/cat_SC1,Storage & Organization,https://www.staples.com/Storage-Organization/cat_CG3633,Literature & Mail Sorters,https://www.staples.com/Literature-Mail-Sorters/cat_CL141866,,
Paper,https://www.staples.com/Paper/cat_SC1676,Copy & Printer Paper,https://www.staples.com/Copy-Printer-Paper/cat_CL140691,,,,
Paper,https://www.staples.com/Paper/cat_SC1676,Notebooks,https://www.staples.com/Notebooks/cat_CL165557,,,,
Paper,https://www.staples.com/Paper/cat_SC1676,Notepads,https://www.staples.com/Notepads/cat_CL220835,,,,
Paper,https://www.staples.com/Paper/cat_SC1676,Journals & Diaries,https://www.staples.com/Journals-Diaries/cat_CL166390,,,,
Paper,https://www.staples.com/Paper/cat_SC1676,Fine Business & Resume Papers,https://www.staples.com/Fine-Business-Resume-Papers/cat_CL221518,,,,
Paper,https://www.staples.com/Paper/cat_SC1676,Card Stock,https://www.staples.com/Card-Stock/cat_CL214438,,,,
Paper,https://www.staples.com/Paper/cat_SC1676,Stationery & Invitations,https://www.staples.com/Stationery-Invitations/cat_CG350061,Custom Appointment Cards,https://www.staples.com/Custom-Appointment-Cards/cat_CL167856,,
Paper,https://www.staples.com/Paper/cat_SC1676,Stationery & Invitations,https://www.staples.com/Stationery-Invitations/cat_CG350061,Invitations,https://www.staples.com/Invitations/cat_CL163311,,
Paper,https://www.staples.com/Paper/cat_SC1676,Stationery & Invitations,https://www.staples.com/Stationery-Invitations/cat_CG350061,Table Tents,https://www.staples.com/Table-Tents/cat_CL206126,,
Paper,https://www.staples.com/Paper/cat_SC1676,Stationery & Invitations,https://www.staples.com/Stationery-Invitations/cat_CG350061,Note Cards & Postcards,https://www.staples.com/Note-Cards-Postcards/cat_CL140789,,
Paper,https://www.staples.com/Paper/cat_SC1676,Stationery & Invitations,https://www.staples.com/Stationery-Invitations/cat_CG350061,Greeting Cards,https://www.staples.com/Greeting-Cards/cat_CL215596,,
Paper,https://www.staples.com/Paper/cat_SC1676,Stationery & Invitations,https://www.staples.com/Stationery-Invitations/cat_CG350061,Stationery,https://www.staples.com/Stationery/cat_CL164333,,
Paper,https://www.staples.com/Paper/cat_SC1676,Stationery & Invitations,https://www.staples.com/Stationery-Invitations/cat_CG350061,Holiday Cards,https://www.staples.com/Holiday-Cards/cat_CL163313,,
Paper,https://www.staples.com/Paper/cat_SC1676,Stationery & Invitations,https://www.staples.com/Stationery-Invitations/cat_CG350061,Wedding Invitations & Kits,https://www.staples.com/Wedding-Invitations-Kits/cat_CL163312,,
Paper,https://www.staples.com/Paper/cat_SC1676,Forms & Recordkeeping,https://www.staples.com/Forms-Recordkeeping/cat_CG3717,Medical Forms,https://www.staples.com/Medical-Forms/cat_CL214615,,
Paper,https://www.staples.com/Paper/cat_SC1676,Forms & Recordkeeping,https://www.staples.com/Forms-Recordkeeping/cat_CG3717,Business Forms,https://www.staples.com/Business-Forms/cat_CL141007,,
Paper,https://www.staples.com/Paper/cat_SC1676,Forms & Recordkeeping,https://www.staples.com/Forms-Recordkeeping/cat_CG3717,Accounting & Record Journals,https://www.staples.com/Accounting-Record-Journals/cat_CL100501,,
Paper,https://www.staples.com/Paper/cat_SC1676,Forms & Recordkeeping,https://www.staples.com/Forms-Recordkeeping/cat_CG3717,Digital Legal Forms,https://www.staples.com/Digital-Legal-Forms/cat_CL216640,,
Paper,https://www.staples.com/Paper/cat_SC1676,Forms & Recordkeeping,https://www.staples.com/Forms-Recordkeeping/cat_CG3717,HR Forms,https://www.staples.com/HR-Forms/cat_CL164585,,
Paper,https://www.staples.com/Paper/cat_SC1676,Forms & Recordkeeping,https://www.staples.com/Forms-Recordkeeping/cat_CG3717,Tax Forms,https://www.staples.com/Tax-Forms/cat_CL168347,,
Paper,https://www.staples.com/Paper/cat_SC1676,Index Cards,https://www.staples.com/Index-Cards/cat_CL214476,,,,
Paper,https://www.staples.com/Paper/cat_SC1676,Post-it & Sticky Notes,https://www.staples.com/Post-it-Sticky-Notes/cat_CG3861,Sticky Notes,https://www.staples.com/Post-it-Sticky-Notes/cat_CL165755,,
Paper,https://www.staples.com/Paper/cat_SC1676,Post-it & Sticky Notes,https://www.staples.com/Post-it-Sticky-Notes/cat_CG3861,Post-it Notes,https://www.staples.com/Post-it-Post-it-Sticky-Notes/cat_CL165755/006ou,,
Paper,https://www.staples.com/Paper/cat_SC1676,Post-it & Sticky Notes,https://www.staples.com/Post-it-Sticky-Notes/cat_CG3861,Sticky Tabs & Flags,https://www.staples.com/Post-it-Sticky-Flags-Tabs/cat_CL165756,,
Paper,https://www.staples.com/Paper/cat_SC1676,Post-it & Sticky Notes,https://www.staples.com/Post-it-Sticky-Notes/cat_CG3861,Pop-Up Sticky Note Dispensers,https://www.staples.com/Post-it-and-Sticky-Notes-Dispensers/cat_CL165757,,
Paper,https://www.staples.com/Paper/cat_SC1676,Post-it & Sticky Notes,https://www.staples.com/Post-it-Sticky-Notes/cat_CG3861,Pop-up Sticky Notes,https://www.staples.com/pop-up-sticky-notes/cat_CL165755/ixc7w,,
Paper,https://www.staples.com/Paper/cat_SC1676,Post-it & Sticky Notes,https://www.staples.com/Post-it-Sticky-Notes/cat_CG3861,Sticky Easel Pads,https://www.staples.com/self-stick-easel-pads/cat_CL140915/9ot1l,,
Paper,https://www.staples.com/Paper/cat_SC1676,Post-it & Sticky Notes,https://www.staples.com/Post-it-Sticky-Notes/cat_CG3861,Calendars,https://www.staples.com/Calendars/cat_CL166389,,
Paper,https://www.staples.com/Paper/cat_SC1676,Post-it & Sticky Notes,https://www.staples.com/Post-it-Sticky-Notes/cat_CG3861,Dry Erase Calendar Boards,https://www.staples.com/Calendar-In-Out-Boards/cat_CL142105,,
Paper,https://www.staples.com/Paper/cat_SC1676,Post-it & Sticky Notes,https://www.staples.com/Post-it-Sticky-Notes/cat_CG3861,Planners & Personal Organizers,https://www.staples.com/Planners-Personal-Organizers/cat_CL166388,,
Paper,https://www.staples.com/Paper/cat_SC1676,Post-it & Sticky Notes,https://www.staples.com/Post-it-Sticky-Notes/cat_CG3861,Desk Pads,https://www.staples.com/Desk-Pads/cat_CL140589,,
Paper,https://www.staples.com/Paper/cat_SC1676,Post-it & Sticky Notes,https://www.staples.com/Post-it-Sticky-Notes/cat_CG3861,Writing Supplies,https://www.staples.com/Writing-Supplies/cat_CG11,,
Paper,https://www.staples.com/Paper/cat_SC1676,Post-it & Sticky Notes,https://www.staples.com/Post-it-Sticky-Notes/cat_CG3861,Notepads,https://www.staples.com/Notepads/cat_CL220835,,
Paper,https://www.staples.com/Paper/cat_SC1676,Post-it & Sticky Notes,https://www.staples.com/Post-it-Sticky-Notes/cat_CG3861,Notebooks,https://www.staples.com/Notebooks/cat_CL165557,,
Paper,https://www.staples.com/Paper/cat_SC1676,Post-it & Sticky Notes,https://www.staples.com/Post-it-Sticky-Notes/cat_CG3861,Journals,https://www.staples.com/Journals-Diaries/cat_CL166390,,
Paper,https://www.staples.com/Paper/cat_SC1676,Post-it & Sticky Notes,https://www.staples.com/Post-it-Sticky-Notes/cat_CG3861,Dry Erase & Whiteboards,https://www.staples.com/Dry-Erase-Whiteboards/cat_CL166382,,
Paper,https://www.staples.com/Paper/cat_SC1676,Post-it & Sticky Notes,https://www.staples.com/Post-it-Sticky-Notes/cat_CG3861,Bulletin Boards,https://www.staples.com/Bulletin-Boards/cat_CL142403,,
Paper,https://www.staples.com/Paper/cat_SC1676,Post-it & Sticky Notes,https://www.staples.com/Post-it-Sticky-Notes/cat_CG3861,Thumb Tacks & Push Pins,https://www.staples.com/Thumb-Tacks-Push-Pins/cat_CL354692,,
Paper,https://www.staples.com/Paper/cat_SC1676,Post-it & Sticky Notes,https://www.staples.com/Post-it-Sticky-Notes/cat_CG3861,Desk Drawer Organizers,https://www.staples.com/Drawer-Organizers/cat_CL163265,,
Paper,https://www.staples.com/Paper/cat_SC1676,Post-it & Sticky Notes,https://www.staples.com/Post-it-Sticky-Notes/cat_CG3861,Desk Organizer Sets,https://www.staples.com/Desk-Organizer-Sets/cat_CL140986,,
Paper,https://www.staples.com/Paper/cat_SC1676,Post-it Brand Shop,https://www.staples.com/deals/Post-it-Brand-Shop/BI1577479,Post-it Super Sticky,https://www.staples.com/Post-it-Super-Sticky-Post-it-Sticky-Notes/cat_CL165755/006ou-6cb9y,,
Paper,https://www.staples.com/Paper/cat_SC1676,Post-it Brand Shop,https://www.staples.com/deals/Post-it-Brand-Shop/BI1577479,Post-it Notes,https://www.staples.com/Post-it-Post-it-Sticky-Notes/cat_CL165755/006ou,,
Paper,https://www.staples.com/Paper/cat_SC1676,Post-it Brand Shop,https://www.staples.com/deals/Post-it-Brand-Shop/BI1577479,Post-it Pop Up Notes,https://www.staples.com/pop-up-post-it-notes/cat_CL165755/006ou-ixc7w,,
Paper,https://www.staples.com/Paper/cat_SC1676,Post-it Brand Shop,https://www.staples.com/deals/Post-it-Brand-Shop/BI1577479,Post-it Pop Up Dispensers,https://www.staples.com/Post-it-Post-it-and-Sticky-Notes-Dispensers/cat_CL165757/006ou,,
Paper,https://www.staples.com/Paper/cat_SC1676,Post-it Brand Shop,https://www.staples.com/deals/Post-it-Brand-Shop/BI1577479,Post-it Easel Pads,https://www.staples.com/Post-it-Easel-Pads/cat_CL140915/006ou,,
Paper,https://www.staples.com/Paper/cat_SC1676,Post-it Brand Shop,https://www.staples.com/deals/Post-it-Brand-Shop/BI1577479,Post-it Easy Erase Surface,https://www.staples.com/Post-it-Dry-Erase-Whiteboards/cat_CL166382/006ou,,
Paper,https://www.staples.com/Paper/cat_SC1676,Post-it Brand Shop,https://www.staples.com/deals/Post-it-Brand-Shop/BI1577479,Post-it Flags & Tabs,https://www.staples.com/Post-it-Post-it-Sticky-Flags-Tabs/cat_CL165756/006ou,,
Paper,https://www.staples.com/Paper/cat_SC1676,Post-it Brand Shop,https://www.staples.com/deals/Post-it-Brand-Shop/BI1577479,Post-it Transparent Notes,https://www.staples.com/Post-it-Clear-Post-it-Sticky-Notes/cat_CL165755/006ou-5yduo,,
Paper,https://www.staples.com/Paper/cat_SC1676,Post-it Brand Shop,https://www.staples.com/deals/Post-it-Brand-Shop/BI1577479,Post-it Recycled Notes,https://www.staples.com/Post-it-All-Eco-ID-qualified-Post-it-Sticky-Notes/cat_CL165755/006ou-4y1ll,,
Paper,https://www.staples.com/Paper/cat_SC1676,Post-it Brand Shop,https://www.staples.com/deals/Post-it-Brand-Shop/BI1577479,Post-it Value Packs,https://www.staples.com/zq9zq9Post-it-Sticky-Notes/cat_CL165755/006ou-becppwyes0,,
Paper,https://www.staples.com/Paper/cat_SC1676,Copy & Multipurpose Paper,https://www.staples.com/Copy-Printer-Paper/cat_CL140691,,,,
Cleaning Supplies,https://www.staples.com/cleaning-supplies/cat_SC1683,Janitorial Paper Dispensers,https://www.staples.com/Janitorial-Paper-Dispensers/cat_CG3930,Paper Towels,https://www.staples.com/Paper-Towels/cat_CL141826,,
Cleaning Supplies,https://www.staples.com/cleaning-supplies/cat_SC1683,Janitorial Paper Dispensers,https://www.staples.com/Janitorial-Paper-Dispensers/cat_CG3930,Toilet Paper,https://www.staples.com/Toilet-Paper-Bath-Tissue/cat_CL141829,,
Cleaning Supplies,https://www.staples.com/cleaning-supplies/cat_SC1683,Janitorial Paper Dispensers,https://www.staples.com/Janitorial-Paper-Dispensers/cat_CG3930,Tissues,https://www.staples.com/Facial-Tissue/cat_CL141828,,
Cleaning Supplies,https://www.staples.com/cleaning-supplies/cat_SC1683,Janitorial Paper Dispensers,https://www.staples.com/Janitorial-Paper-Dispensers/cat_CG3930,Napkins,https://www.staples.com/Napkins/cat_CL141827,,
Cleaning Supplies,https://www.staples.com/cleaning-supplies/cat_SC1683,Janitorial Paper Dispensers,https://www.staples.com/Janitorial-Paper-Dispensers/cat_CG3930,Toilet Seat Covers,https://www.staples.com/Toilet-Seat-Covers/cat_CL220927,,
Cleaning Supplies,https://www.staples.com/cleaning-supplies/cat_SC1683,Janitorial Paper Dispensers,https://www.staples.com/Janitorial-Paper-Dispensers/cat_CG3930,Paper Towel Dispensers,https://www.staples.com/Paper-Towel-Dispensers/cat_CL350640,,
Cleaning Supplies,https://www.staples.com/cleaning-supplies/cat_SC1683,Janitorial Paper Dispensers,https://www.staples.com/Janitorial-Paper-Dispensers/cat_CG3930,Toilet Paper Dispensers,https://www.staples.com/Toilet-Paper-Dispensers/cat_CL350641,,
Cleaning Supplies,https://www.staples.com/cleaning-supplies/cat_SC1683,Janitorial Paper Dispensers,https://www.staples.com/Janitorial-Paper-Dispensers/cat_CG3930,Napkin Dispensers,https://www.staples.com/Napkin-Dispensers/cat_CL350646,,
Cleaning Supplies,https://www.staples.com/cleaning-supplies/cat_SC1683,Janitorial Paper Dispensers,https://www.staples.com/Janitorial-Paper-Dispensers/cat_CG3930,Toilet Seat Cover Dispensers,https://www.staples.com/Toilet-Seat-Cover-Dispensers/cat_CL350642,,
Cleaning Supplies,https://www.staples.com/cleaning-supplies/cat_SC1683,Janitorial Paper Dispensers,https://www.staples.com/Janitorial-Paper-Dispensers/cat_CG3930,Hand Dryers,https://www.staples.com/Hand-Dryers/cat_CL210355,,
Cleaning Supplies,https://www.staples.com/cleaning-supplies/cat_SC1683,Janitorial Paper Dispensers,https://www.staples.com/Janitorial-Paper-Dispensers/cat_CG3930,Period Care,https://www.staples.com/lp/period-care,,
Cleaning Supplies,https://www.staples.com/cleaning-supplies/cat_SC1683,Cleaning Chemicals & Wipes,https://www.staples.com/Cleaning-Chemicals-Disinfectants/cat_CG3668,Adhesive Removers,,,
Cleaning Supplies,https://www.staples.com/cleaning-supplies/cat_SC1683,Cleaning Chemicals & Wipes,https://www.staples.com/Cleaning-Chemicals-Disinfectants/cat_CG3668,All-Purpose Cleaners,https://www.staples.com/All-Purpose-Cleaners-Spray-Cleaning-Chemicals/cat_CL142820/k2zyw,,
Cleaning Supplies,https://www.staples.com/cleaning-supplies/cat_SC1683,Cleaning Chemicals & Wipes,https://www.staples.com/Cleaning-Chemicals-Disinfectants/cat_CG3668,Carpet Care,https://www.staples.com/Carpet-Care/cat_CL220880,,
Cleaning Supplies,https://www.staples.com/cleaning-supplies/cat_SC1683,Cleaning Chemicals & Wipes,https://www.staples.com/Cleaning-Chemicals-Disinfectants/cat_CG3668,Hard Floor Care,https://www.staples.com/Hard-Floor-Care/cat_CL220977,,
Cleaning Supplies,https://www.staples.com/cleaning-supplies/cat_SC1683,Cleaning Chemicals & Wipes,https://www.staples.com/Cleaning-Chemicals-Disinfectants/cat_CG3668,Degreasers,https://www.staples.com/cleaners-degreasers/cat_CL142820/ral7u,,
Cleaning Supplies,https://www.staples.com/cleaning-supplies/cat_SC1683,Cleaning Chemicals & Wipes,https://www.staples.com/Cleaning-Chemicals-Disinfectants/cat_CG3668,Dilution Control Chemicals,https://www.staples.com/Dilution-Control-Chemicals/cat_CL350595,,
Cleaning Supplies,https://www.staples.com/cleaning-supplies/cat_SC1683,Cleaning Chemicals & Wipes,https://www.staples.com/Cleaning-Chemicals-Disinfectants/cat_CG3668,Dishwashing Detergent,https://www.staples.com/Dish-Soap/cat_CL215693,,
Cleaning Supplies,https://www.staples.com/cleaning-supplies/cat_SC1683,Cleaning Chemicals & Wipes,https://www.staples.com/Cleaning-Chemicals-Disinfectants/cat_CG3668,Disinfectant,https://www.staples.com/Disinfectant-Cleaning-Chemicals/cat_CL142820/8uucw,,
Cleaning Supplies,https://www.staples.com/cleaning-supplies/cat_SC1683,Cleaning Chemicals & Wipes,https://www.staples.com/Cleaning-Chemicals-Disinfectants/cat_CG3668,Disinfection Wipes,https://www.staples.com/Disinfectant-Wipes/cat_CL220881,,
Cleaning Supplies,https://www.staples.com/cleaning-supplies/cat_SC1683,Cleaning Chemicals & Wipes,https://www.staples.com/Cleaning-Chemicals-Disinfectants/cat_CG3668,Drain Cleaners,https://www.staples.com/drain-cleaner/cat_CL142820/sowzn,,
Cleaning Supplies,https://www.staples.com/cleaning-supplies/cat_SC1683,Cleaning Chemicals & Wipes,https://www.staples.com/Cleaning-Chemicals-Disinfectants/cat_CG3668,Furniture Cleaners,https://www.staples.com/Furniture-Wood-Polish-Cleaning-Chemicals/cat_CL142820/swxsa,,
Cleaning Supplies,https://www.staples.com/cleaning-supplies/cat_SC1683,Cleaning Chemicals & Wipes,https://www.staples.com/Cleaning-Chemicals-Disinfectants/cat_CG3668,Glass Cleaners,https://www.staples.com/window-glass-cleaner-cleaning-chemicals/cat_CL142820/521tw,,
Cleaning Supplies,https://www.staples.com/cleaning-supplies/cat_SC1683,Cleaning Chemicals & Wipes,https://www.staples.com/Cleaning-Chemicals-Disinfectants/cat_CG3668,Laundry Detergent,https://www.staples.com/Laundry-Detergent/cat_CL168322,,
Cleaning Supplies,https://www.staples.com/cleaning-supplies/cat_SC1683,Cleaning Chemicals & Wipes,https://www.staples.com/Cleaning-Chemicals-Disinfectants/cat_CG3668,Odor Control,https://www.staples.com/Air-Fresheners-Deodorizers/cat_CL142818,,
Cleaning Supplies,https://www.staples.com/cleaning-supplies/cat_SC1683,Cleaning Chemicals & Wipes,https://www.staples.com/Cleaning-Chemicals-Disinfectants/cat_CG3668,Restroom Cleaners,https://www.staples.com/toilet-bathroom-cleaner-cleaning-chemicals/cat_CL142820/ba6du,,
Cleaning Supplies,https://www.staples.com/cleaning-supplies/cat_SC1683,Hand Sanitizer,https://www.staples.com/Hand-Sanitizer/cat_CL220928,,,,
Cleaning Supplies,https://www.staples.com/cleaning-supplies/cat_SC1683,Hand Soaps & Sanitizers,https://www.staples.com/Hand-Soaps-Sanitizers/cat_CG3931,,,,
Cleaning Supplies,https://www.staples.com/cleaning-supplies/cat_SC1683,Natural Cleaning Supplies,https://www.staples.com/natural-cleaning-supplies/cat_CG350171,,,,
Cleaning Supplies,https://www.staples.com/cleaning-supplies/cat_SC1683,Waste & Recycling,https://www.staples.com/Waste-Recycling-Products/cat_CG2827,Trash Bags,https://www.staples.com/Trash-Bags/cat_CL141923,,
Cleaning Supplies,https://www.staples.com/cleaning-supplies/cat_SC1683,Waste & Recycling,https://www.staples.com/Waste-Recycling-Products/cat_CG2827,Waste Receptacle Lids & Accessories,https://www.staples.com/Waste-Receptacle-Lids-Accessories/cat_CL350740,,
Cleaning Supplies,https://www.staples.com/cleaning-supplies/cat_SC1683,Waste & Recycling,https://www.staples.com/Waste-Recycling-Products/cat_CG2827,Trash Cans & Recycling Bins,https://www.staples.com/Trash-Cans-Recycling-Bins/cat_CL141928,,
Cleaning Supplies,https://www.staples.com/cleaning-supplies/cat_SC1683,Laundry Detergent,https://www.staples.com/Laundry-Detergent/cat_CL168322,,,,
Cleaning Supplies,https://www.staples.com/cleaning-supplies/cat_SC1683,Cleaning Tools,https://www.staples.com/Cleaning-Tools/cat_CG3928,Squeegees,https://www.staples.com/Squeegees/cat_CL204491,,
Cleaning Supplies,https://www.staples.com/cleaning-supplies/cat_SC1683,Cleaning Tools,https://www.staples.com/Cleaning-Tools/cat_CG3928,Cleaning Cloths & Rags,https://www.staples.com/Cleaning-Cloths-Rags/cat_CL220907,,
Cleaning Supplies,https://www.staples.com/cleaning-supplies/cat_SC1683,Cleaning Tools,https://www.staples.com/Cleaning-Tools/cat_CG3928,Cleaning Brushes & Toilet Plungers,https://www.staples.com/Cleaning-Brushes-Toilet-Plungers/cat_CL220905,,
Cleaning Supplies,https://www.staples.com/cleaning-supplies/cat_SC1683,Cleaning Tools,https://www.staples.com/Cleaning-Tools/cat_CG3928,"Cleaning Carts, Caddies & Accessories",https://www.staples.com/Cleaning-Carts-Caddies-Accessories/cat_DP353666,,
Cleaning Supplies,https://www.staples.com/cleaning-supplies/cat_SC1683,Cleaning Tools,https://www.staples.com/Cleaning-Tools/cat_CG3928,Spray Bottles & Sprayers,https://www.staples.com/Spray-Bottles-Sprayers/cat_CL216655,,
Cleaning Supplies,https://www.staples.com/cleaning-supplies/cat_SC1683,Cleaning Tools,https://www.staples.com/Cleaning-Tools/cat_CG3928,"Mops, Brooms & Dustpans",https://www.staples.com/Mops-Brooms-Dustpans/cat_DP353665,,
Cleaning Supplies,https://www.staples.com/cleaning-supplies/cat_SC1683,Cleaning Tools,https://www.staples.com/Cleaning-Tools/cat_CG3928,Dusters,https://www.staples.com/Dusters/cat_CL165592,,
Cleaning Supplies,https://www.staples.com/cleaning-supplies/cat_SC1683,Cleaning Tools,https://www.staples.com/Cleaning-Tools/cat_CG3928,Sponges & Scrubbers,https://www.staples.com/Sponges-Scrubbers/cat_CL142819,,
Furniture,https://www.staples.com/Furniture-Chairs-Cabinets/cat_SC2,Chairs & Seating,https://www.staples.com/Chairs-Seating/cat_CG32,Office Chairs,https://www.staples.com/Office-Chairs/cat_CL166253,,
Furniture,https://www.staples.com/Furniture-Chairs-Cabinets/cat_SC2,Chairs & Seating,https://www.staples.com/Chairs-Seating/cat_CG32,Staples Chair Center,https://www.staples.com/lp/sbg-chair-center,,
Furniture,https://www.staples.com/Furniture-Chairs-Cabinets/cat_SC2,Chairs & Seating,https://www.staples.com/Chairs-Seating/cat_CG32,Gaming Chairs,https://www.staples.com/Gaming-Office-Chairs/cat_CL166253/pfrhu,,
Furniture,https://www.staples.com/Furniture-Chairs-Cabinets/cat_SC2,Chairs & Seating,https://www.staples.com/Chairs-Seating/cat_CG32,Chair Mats,https://www.staples.com/Chair-Mats/cat_CL70205,,
Furniture,https://www.staples.com/Furniture-Chairs-Cabinets/cat_SC2,Chairs & Seating,https://www.staples.com/Chairs-Seating/cat_CG32,Accent & Waiting Room Chairs,https://www.staples.com/Accent-Waiting-Room-Chairs/cat_CL70203,,
Furniture,https://www.staples.com/Furniture-Chairs-Cabinets/cat_SC2,Chairs & Seating,https://www.staples.com/Chairs-Seating/cat_CG32,Chair Parts & Accessories,https://www.staples.com/Chair-Parts-Accessories/cat_CL141955,,
Furniture,https://www.staples.com/Furniture-Chairs-Cabinets/cat_SC2,Chairs & Seating,https://www.staples.com/Chairs-Seating/cat_CG32,Dining Chairs,https://www.staples.com/Dining-Chairs/cat_CL166181,,
Furniture,https://www.staples.com/Furniture-Chairs-Cabinets/cat_SC2,Chairs & Seating,https://www.staples.com/Chairs-Seating/cat_CG32,Stacking & Folding Chairs,https://www.staples.com/Stacking-Folding-Chairs/cat_CL166358,,
Furniture,https://www.staples.com/Furniture-Chairs-Cabinets/cat_SC2,Chairs & Seating,https://www.staples.com/Chairs-Seating/cat_CG32,Big and Tall Chairs,https://www.staples.com/Big-Tall-Office-Chairs/cat_CL166253/936hb,,
Furniture,https://www.staples.com/Furniture-Chairs-Cabinets/cat_SC2,Chairs & Seating,https://www.staples.com/Chairs-Seating/cat_CG32,Kids Seating,https://www.staples.com/Kids-Seating/cat_CL210316,,
Furniture,https://www.staples.com/Furniture-Chairs-Cabinets/cat_SC2,Chairs & Seating,https://www.staples.com/Chairs-Seating/cat_CG32,"Recliners, Gliders & Rockers",https://www.staples.com/Recliners-Gliders-Rockers/cat_CL210580,,
Furniture,https://www.staples.com/Furniture-Chairs-Cabinets/cat_SC2,Chairs & Seating,https://www.staples.com/Chairs-Seating/cat_CG32,Workplace 2.0,https://www.staples.com/Workplace2-0/cat_CL350275,,
Furniture,https://www.staples.com/Furniture-Chairs-Cabinets/cat_SC2,Chairs & Seating,https://www.staples.com/Chairs-Seating/cat_CG32,"Sofas, Loveseats & Sectionals",https://www.staples.com/Sofas-Loveseats-Sectionals/cat_CL215551,,
Furniture,https://www.staples.com/Furniture-Chairs-Cabinets/cat_SC2,Chairs & Seating,https://www.staples.com/Chairs-Seating/cat_CG32,Benches & Beam Seating,https://www.staples.com/Benches-Beam-Seating/cat_CL163750,,
Furniture,https://www.staples.com/Furniture-Chairs-Cabinets/cat_SC2,Chairs & Seating,https://www.staples.com/Chairs-Seating/cat_CG32,Foot Rests,https://www.staples.com/Foot-Rests/cat_CL161892,,
Furniture,https://www.staples.com/Furniture-Chairs-Cabinets/cat_SC2,Chairs & Seating,https://www.staples.com/Chairs-Seating/cat_CG32,Ottomans,https://www.staples.com/Ottomans/cat_CL161807,,
Furniture,https://www.staples.com/Furniture-Chairs-Cabinets/cat_SC2,Chairs & Seating,https://www.staples.com/Chairs-Seating/cat_CG32,Drafting Chairs & Office Stools,https://www.staples.com/Drafting-Chairs-Office-Stools/cat_CL166357,,
Furniture,https://www.staples.com/Furniture-Chairs-Cabinets/cat_SC2,Chairs & Seating,https://www.staples.com/Chairs-Seating/cat_CG32,Counter & Bar Stools,https://www.staples.com/Counter-Bar-Stools/cat_CL166182,,
Furniture,https://www.staples.com/Furniture-Chairs-Cabinets/cat_SC2,File Cabinets,https://www.staples.com/File-Cabinets/cat_CL70401,,,,
Furniture,https://www.staples.com/Furniture-Chairs-Cabinets/cat_SC2,Bookcases & Bookshelves,https://www.staples.com/Bookcases-Bookshelves/cat_CL166206,,,,
Furniture,https://www.staples.com/Furniture-Chairs-Cabinets/cat_SC2,Kids Seating,https://www.staples.com/kids-seating/cat_DP10543,Office Chairs,https://www.staples.com/Office-Chairs/cat_CL166253,,
Furniture,https://www.staples.com/Furniture-Chairs-Cabinets/cat_SC2,Kids Seating,https://www.staples.com/kids-seating/cat_DP10543,Staples Chair Center,https://www.staples.com/lp/sbg-chair-center,,
Furniture,https://www.staples.com/Furniture-Chairs-Cabinets/cat_SC2,Kids Seating,https://www.staples.com/kids-seating/cat_DP10543,Gaming Chairs,https://www.staples.com/Gaming-Office-Chairs/cat_CL166253/pfrhu,,
Furniture,https://www.staples.com/Furniture-Chairs-Cabinets/cat_SC2,Kids Seating,https://www.staples.com/kids-seating/cat_DP10543,Chair Mats,https://www.staples.com/Chair-Mats/cat_CL70205,,
Furniture,https://www.staples.com/Furniture-Chairs-Cabinets/cat_SC2,Kids Seating,https://www.staples.com/kids-seating/cat_DP10543,Accent & Waiting Room Chairs,https://www.staples.com/Accent-Waiting-Room-Chairs/cat_CL70203,,
Furniture,https://www.staples.com/Furniture-Chairs-Cabinets/cat_SC2,Kids Seating,https://www.staples.com/kids-seating/cat_DP10543,Chair Parts & Accessories,https://www.staples.com/Chair-Parts-Accessories/cat_CL141955,,
Furniture,https://www.staples.com/Furniture-Chairs-Cabinets/cat_SC2,Kids Seating,https://www.staples.com/kids-seating/cat_DP10543,Dining Chairs,https://www.staples.com/Dining-Chairs/cat_CL166181,,
Furniture,https://www.staples.com/Furniture-Chairs-Cabinets/cat_SC2,Kids Seating,https://www.staples.com/kids-seating/cat_DP10543,Stacking & Folding Chairs,https://www.staples.com/Stacking-Folding-Chairs/cat_CL166358,,
Furniture,https://www.staples.com/Furniture-Chairs-Cabinets/cat_SC2,Kids Seating,https://www.staples.com/kids-seating/cat_DP10543,Big and Tall Chairs,https://www.staples.com/Big-Tall-Office-Chairs/cat_CL166253/936hb,,
Furniture,https://www.staples.com/Furniture-Chairs-Cabinets/cat_SC2,Kids Seating,https://www.staples.com/kids-seating/cat_DP10543,Kids Seating,https://www.staples.com/Kids-Seating/cat_CL210316,,
Furniture,https://www.staples.com/Furniture-Chairs-Cabinets/cat_SC2,Kids Seating,https://www.staples.com/kids-seating/cat_DP10543,"Recliners, Gliders & Rockers",https://www.staples.com/Recliners-Gliders-Rockers/cat_CL210580,,
Furniture,https://www.staples.com/Furniture-Chairs-Cabinets/cat_SC2,Kids Seating,https://www.staples.com/kids-seating/cat_DP10543,Workplace 2.0,https://www.staples.com/Workplace2-0/cat_CL350275,,
Furniture,https://www.staples.com/Furniture-Chairs-Cabinets/cat_SC2,Kids Seating,https://www.staples.com/kids-seating/cat_DP10543,"Sofas, Loveseats & Sectionals",https://www.staples.com/Sofas-Loveseats-Sectionals/cat_CL215551,,
Furniture,https://www.staples.com/Furniture-Chairs-Cabinets/cat_SC2,Kids Seating,https://www.staples.com/kids-seating/cat_DP10543,Benches & Beam Seating,https://www.staples.com/Benches-Beam-Seating/cat_CL163750,,
Furniture,https://www.staples.com/Furniture-Chairs-Cabinets/cat_SC2,Kids Seating,https://www.staples.com/kids-seating/cat_DP10543,Foot Rests,https://www.staples.com/Foot-Rests/cat_CL161892,,
Furniture,https://www.staples.com/Furniture-Chairs-Cabinets/cat_SC2,Kids Seating,https://www.staples.com/kids-seating/cat_DP10543,Ottomans,https://www.staples.com/Ottomans/cat_CL161807,,
Furniture,https://www.staples.com/Furniture-Chairs-Cabinets/cat_SC2,Kids Seating,https://www.staples.com/kids-seating/cat_DP10543,Drafting Chairs & Office Stools,https://www.staples.com/Drafting-Chairs-Office-Stools/cat_CL166357,,
Furniture,https://www.staples.com/Furniture-Chairs-Cabinets/cat_SC2,Kids Seating,https://www.staples.com/kids-seating/cat_DP10543,Counter & Bar Stools,https://www.staples.com/Counter-Bar-Stools/cat_CL166182,,
Furniture,https://www.staples.com/Furniture-Chairs-Cabinets/cat_SC2,Desks,https://www.staples.com/desks/cat_CG33,All Office Desks,https://www.staples.com/Office-Desks/cat_CL210795,,
Furniture,https://www.staples.com/Furniture-Chairs-Cabinets/cat_SC2,Desks,https://www.staples.com/desks/cat_CG33,Computer Desks,https://www.staples.com/Computer-Office-Desks/cat_CL210795/663ea,,
Furniture,https://www.staples.com/Furniture-Chairs-Cabinets/cat_SC2,Desks,https://www.staples.com/desks/cat_CG33,L-Shaped Desks,https://www.staples.com/l-shaped-office-desks/cat_CL210795/zuqi9,,
Furniture,https://www.staples.com/Furniture-Chairs-Cabinets/cat_SC2,Desks,https://www.staples.com/desks/cat_CG33,Standing Desks,https://www.staples.com/Sit-Stand-Desks/cat_CL215523,,
Furniture,https://www.staples.com/Furniture-Chairs-Cabinets/cat_SC2,Desks,https://www.staples.com/desks/cat_CG33,Executive Desks,https://www.staples.com/executive-office-desks/cat_CL210795/66lo4,,
Furniture,https://www.staples.com/Furniture-Chairs-Cabinets/cat_SC2,Desks,https://www.staples.com/desks/cat_CG33,Gaming Desks,https://www.staples.com/gaming-office-desks/cat_CL210795/854pp,,
Furniture,https://www.staples.com/Furniture-Chairs-Cabinets/cat_SC2,Desks,https://www.staples.com/desks/cat_CG33,Corner Desks,https://www.staples.com/corner-office-desks/cat_CL210795/cy1zd,,
Furniture,https://www.staples.com/Furniture-Chairs-Cabinets/cat_SC2,Desks,https://www.staples.com/desks/cat_CG33,Writing Desks,https://www.staples.com/writing-office-desks/cat_CL210795/5ytib,,
Furniture,https://www.staples.com/Furniture-Chairs-Cabinets/cat_SC2,Desks,https://www.staples.com/desks/cat_CG33,Standing Desk Converters,https://www.staples.com/sit-stand-desk-converters/cat_CL215523/6brcs,,
Furniture,https://www.staples.com/Furniture-Chairs-Cabinets/cat_SC2,Desks,https://www.staples.com/desks/cat_CG33,Desk Hutches,https://www.staples.com/Hutches/cat_CL353865,,
Furniture,https://www.staples.com/Furniture-Chairs-Cabinets/cat_SC2,Desks,https://www.staples.com/desks/cat_CG33,Workstations & Cubicles,https://www.staples.com/Cubicle-Panel-Workstations/cat_CL164285,,
Furniture,https://www.staples.com/Furniture-Chairs-Cabinets/cat_SC2,Desks,https://www.staples.com/desks/cat_CG33,Desk Components,https://www.staples.com/Desk-Components/cat_CL353870,,
Furniture,https://www.staples.com/Furniture-Chairs-Cabinets/cat_SC2,Home & Office Tables,https://www.staples.com/home-office-tables/cat_CG39,Folding Tables,https://www.staples.com/Folding-Tables/cat_CL166212,,
Furniture,https://www.staples.com/Furniture-Chairs-Cabinets/cat_SC2,Home & Office Tables,https://www.staples.com/home-office-tables/cat_CG39,Banquet Tables,https://www.staples.com/folding-banquet-tables/cat_CL166212/xtbmp,,
Furniture,https://www.staples.com/Furniture-Chairs-Cabinets/cat_SC2,Home & Office Tables,https://www.staples.com/home-office-tables/cat_CG39,Conference Room Tables,https://www.staples.com/Conference-Room-Tables/cat_CL70700,,
Furniture,https://www.staples.com/Furniture-Chairs-Cabinets/cat_SC2,Home & Office Tables,https://www.staples.com/home-office-tables/cat_CG39,"Breakroom, Restaurant & Dining Tables",https://www.staples.com/Breakroom-Dining-Tables/cat_CL210327,,
Furniture,https://www.staples.com/Furniture-Chairs-Cabinets/cat_SC2,Home & Office Tables,https://www.staples.com/home-office-tables/cat_CG39,Dining Table & Chair Sets,https://www.staples.com/breakroom-dining-table-chair-sets/cat_CL210327/5mzr5,,
Furniture,https://www.staples.com/Furniture-Chairs-Cabinets/cat_SC2,Home & Office Tables,https://www.staples.com/home-office-tables/cat_CG39,Training Room Tables,https://www.staples.com/Training-Room-Tables/cat_CL142481,,
Furniture,https://www.staples.com/Furniture-Chairs-Cabinets/cat_SC2,Home & Office Tables,https://www.staples.com/home-office-tables/cat_CG39,Accent & Coffee Tables,https://www.staples.com/Accent-Coffee-Tables/cat_CL161009,,
Furniture,https://www.staples.com/Furniture-Chairs-Cabinets/cat_SC2,Home & Office Tables,https://www.staples.com/home-office-tables/cat_CG39,Specialty & Drafting Tables,https://www.staples.com/Specialty-Drafting-Tables/cat_CL140724,,
Furniture,https://www.staples.com/Furniture-Chairs-Cabinets/cat_SC2,Home & Office Tables,https://www.staples.com/home-office-tables/cat_CG39,Classroom & Kids' Tables,https://www.staples.com/Classroom-Kids-Tables/cat_CL210315,,
Furniture,https://www.staples.com/Furniture-Chairs-Cabinets/cat_SC2,Home & Office Tables,https://www.staples.com/home-office-tables/cat_CG39,Desk & Table Tops,https://www.staples.com/Table-Tops/cat_CL210330,,
Furniture,https://www.staples.com/Furniture-Chairs-Cabinets/cat_SC2,Home & Office Tables,https://www.staples.com/home-office-tables/cat_CG39,Table Bases,https://www.staples.com/Table-Bases/cat_CL354625,,
Furniture,https://www.staples.com/Furniture-Chairs-Cabinets/cat_SC2,Home & Office Tables,https://www.staples.com/home-office-tables/cat_CG39,Desks,https://www.staples.com/desks/cat_CG33,,
Furniture,https://www.staples.com/Furniture-Chairs-Cabinets/cat_SC2,Home & Office Tables,https://www.staples.com/home-office-tables/cat_CG39,Patio Furniture,https://www.staples.com/Patio-Furniture/cat_CL213655,,
Furniture,https://www.staples.com/Furniture-Chairs-Cabinets/cat_SC2,Home & Office Tables,https://www.staples.com/home-office-tables/cat_CG39,Stacking & Folding Chairs,https://www.staples.com/Stacking-Folding-Chairs/cat_CL166358,,
Furniture,https://www.staples.com/Furniture-Chairs-Cabinets/cat_SC2,Home & Office Tables,https://www.staples.com/home-office-tables/cat_CG39,Accent Chairs,https://www.staples.com/Accent-Waiting-Room-Chairs/cat_CL70203,,
Furniture,https://www.staples.com/Furniture-Chairs-Cabinets/cat_SC2,Home & Office Tables,https://www.staples.com/home-office-tables/cat_CG39,Décor & Lighting,https://www.staples.com/Decor/cat_CG853,Wall Art,https://www.staples.com/Wall-Art-Decor/cat_DP1567
Furniture,https://www.staples.com/Furniture-Chairs-Cabinets/cat_SC2,Home & Office Tables,https://www.staples.com/home-office-tables/cat_CG39,Décor & Lighting,https://www.staples.com/Decor/cat_CG853,Lamps & Lighting,https://www.staples.com/Lighting-Lamps/cat_CG35
Furniture,https://www.staples.com/Furniture-Chairs-Cabinets/cat_SC2,Home & Office Tables,https://www.staples.com/home-office-tables/cat_CG39,Décor & Lighting,https://www.staples.com/Decor/cat_CG853,Light Bulbs,https://www.staples.com/Light-Bulbs/cat_CL165713
Furniture,https://www.staples.com/Furniture-Chairs-Cabinets/cat_SC2,Home & Office Tables,https://www.staples.com/home-office-tables/cat_CG39,Décor & Lighting,https://www.staples.com/Decor/cat_CG853,Mirrors,https://www.staples.com/Mirrors/cat_CL163751
Furniture,https://www.staples.com/Furniture-Chairs-Cabinets/cat_SC2,Home & Office Tables,https://www.staples.com/home-office-tables/cat_CG39,Décor & Lighting,https://www.staples.com/Decor/cat_CG853,Frames,https://www.staples.com/Picture-Frames-Photo-Albums/cat_CL161523
Furniture,https://www.staples.com/Furniture-Chairs-Cabinets/cat_SC2,Home & Office Tables,https://www.staples.com/home-office-tables/cat_CG39,Décor & Lighting,https://www.staples.com/Decor/cat_CG853,Coat Racks & Hooks,https://www.staples.com/Coat-Trees-Stands-Hooks/cat_CL167079
Furniture,https://www.staples.com/Furniture-Chairs-Cabinets/cat_SC2,Home & Office Tables,https://www.staples.com/home-office-tables/cat_CG39,Décor & Lighting,https://www.staples.com/Decor/cat_CG853,Clocks,https://www.staples.com/Clocks-Timers/cat_CL161533
Furniture,https://www.staples.com/Furniture-Chairs-Cabinets/cat_SC2,Home & Office Tables,https://www.staples.com/home-office-tables/cat_CG39,Décor & Lighting,https://www.staples.com/Decor/cat_CG853,Weather Instruments,https://www.staples.com/Weather-Instruments/cat_CL166884
Furniture,https://www.staples.com/Furniture-Chairs-Cabinets/cat_SC2,Home & Office Tables,https://www.staples.com/home-office-tables/cat_CG39,Décor & Lighting,https://www.staples.com/Decor/cat_CG853,Artificial Plants & Flowers,https://www.staples.com/Artificial-Plants-Flowers/cat_CL162194
Furniture,https://www.staples.com/Furniture-Chairs-Cabinets/cat_SC2,Home & Office Tables,https://www.staples.com/home-office-tables/cat_CG39,Décor & Lighting,https://www.staples.com/Decor/cat_CG853,Decorative Area Rugs,https://www.staples.com/Rugs/cat_CL167008
Furniture,https://www.staples.com/Furniture-Chairs-Cabinets/cat_SC2,Home & Office Tables,https://www.staples.com/home-office-tables/cat_CG39,Décor & Lighting,https://www.staples.com/Decor/cat_CG853,Floor Mats,https://www.staples.com/Floor-Mats/cat_CL214671
Furniture,https://www.staples.com/Furniture-Chairs-Cabinets/cat_SC2,Home & Office Tables,https://www.staples.com/home-office-tables/cat_CG39,Décor & Lighting,https://www.staples.com/Decor/cat_CG853,Storage Baskets,https://www.staples.com/Storage-Baskets/cat_CL354705
Furniture,https://www.staples.com/Furniture-Chairs-Cabinets/cat_SC2,Home & Office Tables,https://www.staples.com/home-office-tables/cat_CG39,Décor & Lighting,https://www.staples.com/Decor/cat_CG853,Storage Bins,https://www.staples.com/Storage-Bins/cat_CL354710
Furniture,https://www.staples.com/Furniture-Chairs-Cabinets/cat_SC2,Home & Office Tables,https://www.staples.com/home-office-tables/cat_CG39,Décor & Lighting,https://www.staples.com/Decor/cat_CG853,Jewelry Boxes & Displays,https://www.staples.com/Jewelry-Boxes-Cases/cat_CL204509
Furniture,https://www.staples.com/Furniture-Chairs-Cabinets/cat_SC2,Home & Office Tables,https://www.staples.com/home-office-tables/cat_CG39,Décor & Lighting,https://www.staples.com/Decor/cat_CG853,Party Decor & Supplies,https://www.staples.com/party-supplies-decor/cat_CG3363
Furniture,https://www.staples.com/Furniture-Chairs-Cabinets/cat_SC2,Home & Office Tables,https://www.staples.com/home-office-tables/cat_CG39,Décor & Lighting,https://www.staples.com/Decor/cat_CG853,Seasonal Décor,https://www.staples.com/Seasonal-Decor/cat_CL21091
Furniture,https://www.staples.com/Furniture-Chairs-Cabinets/cat_SC2,Home & Office Tables,https://www.staples.com/home-office-tables/cat_CG39,Dining Chairs,https://www.staples.com/Dining-Chairs/cat_CL166181,,
Furniture,https://www.staples.com/Furniture-Chairs-Cabinets/cat_SC2,Home & Office Tables,https://www.staples.com/home-office-tables/cat_CG39,Storage Furniture,,,
Furniture,https://www.staples.com/Furniture-Chairs-Cabinets/cat_SC2,Home & Office Tables,https://www.staples.com/home-office-tables/cat_CG39,Drafting Chairs & Stools,https://www.staples.com/Drafting-Chairs-Office-Stools/cat_CL166357,,
Furniture,https://www.staples.com/Furniture-Chairs-Cabinets/cat_SC2,Home & Office Tables,https://www.staples.com/home-office-tables/cat_CG39,Counter & Bar Stools,https://www.staples.com/Counter-Bar-Stools/cat_CL166182,,
Furniture,https://www.staples.com/Furniture-Chairs-Cabinets/cat_SC2,Home & Office Tables,https://www.staples.com/home-office-tables/cat_CG39,School Furniture,https://www.staples.com/School-Furniture/cat_CG3907,Student Desks & Study Carrels,https://www.staples.com/Student-Desks-Study-Carrels/cat_CL164560
Furniture,https://www.staples.com/Furniture-Chairs-Cabinets/cat_SC2,Home & Office Tables,https://www.staples.com/home-office-tables/cat_CG39,School Furniture,https://www.staples.com/School-Furniture/cat_CG3907,Classroom Storage Furniture,https://www.staples.com/Classroom-Storage-Furniture/cat_CL350775
Furniture,https://www.staples.com/Furniture-Chairs-Cabinets/cat_SC2,Home & Office Tables,https://www.staples.com/home-office-tables/cat_CG39,School Furniture,https://www.staples.com/School-Furniture/cat_CG3907,Classroom & Kids' Tables,https://www.staples.com/Classroom-Kids-Tables/cat_CL210315
Furniture,https://www.staples.com/Furniture-Chairs-Cabinets/cat_SC2,Home & Office Tables,https://www.staples.com/home-office-tables/cat_CG39,File Cabinets,https://www.staples.com/File-Cabinets/cat_CL70401,,
Furniture,https://www.staples.com/Furniture-Chairs-Cabinets/cat_SC2,Home & Office Tables,https://www.staples.com/home-office-tables/cat_CG39,Benches,https://www.staples.com/Benches-Beam-Seating/cat_CL163750,,
Furniture,https://www.staples.com/Furniture-Chairs-Cabinets/cat_SC2,Home & Office Tables,https://www.staples.com/home-office-tables/cat_CG39,Area Rugs,https://www.staples.com/Rugs/cat_CL167008,,
Furniture,https://www.staples.com/Furniture-Chairs-Cabinets/cat_SC2,Boards & Easels,https://www.staples.com/Boards-Easels-Dry-Erase/cat_CG101,Dry Erase & Whiteboards,https://www.staples.com/Dry-Erase-Whiteboards/cat_CL166382,,
Furniture,https://www.staples.com/Furniture-Chairs-Cabinets/cat_SC2,Boards & Easels,https://www.staples.com/Boards-Easels-Dry-Erase/cat_CG101,TRU RED Whiteboard Selector,https://www.staples.com/deals/tru-red-dry-erase-whiteboard-selector-tool/BI3000701,,
Furniture,https://www.staples.com/Furniture-Chairs-Cabinets/cat_SC2,Boards & Easels,https://www.staples.com/Boards-Easels-Dry-Erase/cat_CG101,Bulletin & Cork Boards,https://www.staples.com/Bulletin-Boards/cat_CL142403,,
Furniture,https://www.staples.com/Furniture-Chairs-Cabinets/cat_SC2,Boards & Easels,https://www.staples.com/Boards-Easels-Dry-Erase/cat_CG101,"Board Erasers, Cleaners & Accessories",https://www.staples.com/Board-Accessories/cat_CL142825,,
Furniture,https://www.staples.com/Furniture-Chairs-Cabinets/cat_SC2,Boards & Easels,https://www.staples.com/Boards-Easels-Dry-Erase/cat_CG101,Dry Erase Markers,https://www.staples.com/Dry-Erase-Markers/cat_CL140896/c0z1c,,
Furniture,https://www.staples.com/Furniture-Chairs-Cabinets/cat_SC2,Boards & Easels,https://www.staples.com/Boards-Easels-Dry-Erase/cat_CG101,Thumb Tacks & Push Pins,https://www.staples.com/Thumb-Tacks-Push-Pins/cat_CL354692,,
Furniture,https://www.staples.com/Furniture-Chairs-Cabinets/cat_SC2,Boards & Easels,https://www.staples.com/Boards-Easels-Dry-Erase/cat_CG101,"Foam, Presentation & Poster Boards",https://www.staples.com/Display-Boards/cat_CL140934,,
Furniture,https://www.staples.com/Furniture-Chairs-Cabinets/cat_SC2,Boards & Easels,https://www.staples.com/Boards-Easels-Dry-Erase/cat_CG101,Display Easels & Stands,https://www.staples.com/Easels/cat_CL163752,,
Furniture,https://www.staples.com/Furniture-Chairs-Cabinets/cat_SC2,Boards & Easels,https://www.staples.com/Boards-Easels-Dry-Erase/cat_CG101,Easel Pads,https://www.staples.com/Easel-Pads/cat_CL140915,,
Furniture,https://www.staples.com/Furniture-Chairs-Cabinets/cat_SC2,Boards & Easels,https://www.staples.com/Boards-Easels-Dry-Erase/cat_CG101,Dry Erase Calendar Boards,https://www.staples.com/Calendar-In-Out-Boards/cat_CL142105,,
Furniture,https://www.staples.com/Furniture-Chairs-Cabinets/cat_SC2,Boards & Easels,https://www.staples.com/Boards-Easels-Dry-Erase/cat_CG101,Chalkboards,https://www.staples.com/Chalkboards/cat_CL130202,,
Furniture,https://www.staples.com/Furniture-Chairs-Cabinets/cat_SC2,Boards & Easels,https://www.staples.com/Boards-Easels-Dry-Erase/cat_CG101,Chalk,https://www.staples.com/Chalk/cat_CL110502,,
Furniture,https://www.staples.com/Furniture-Chairs-Cabinets/cat_SC2,Boards & Easels,https://www.staples.com/Boards-Easels-Dry-Erase/cat_CG101,Chalk Markers,https://www.staples.com/chalk-markers/cat_CL221591/ljspg,,
Furniture,https://www.staples.com/Furniture-Chairs-Cabinets/cat_SC2,Boards & Easels,https://www.staples.com/Boards-Easels-Dry-Erase/cat_CG101,Projectors,https://www.staples.com/Projectors/cat_CL140542,,
Furniture,https://www.staples.com/Furniture-Chairs-Cabinets/cat_SC2,Boards & Easels,https://www.staples.com/Boards-Easels-Dry-Erase/cat_CG101,Projector Screens,https://www.staples.com/Projector-Screens/cat_CL141762,,
Furniture,https://www.staples.com/Furniture-Chairs-Cabinets/cat_SC2,Boards & Easels,https://www.staples.com/Boards-Easels-Dry-Erase/cat_CG101,Document Cameras,https://www.staples.com/Document-Cameras/cat_CL169123,,
Furniture,https://www.staples.com/Furniture-Chairs-Cabinets/cat_SC2,Boards & Easels,https://www.staples.com/Boards-Easels-Dry-Erase/cat_CG101,Teacher Supplies,https://www.staples.com/teacher-supplies/cat_CG350604,,
Furniture,https://www.staples.com/Furniture-Chairs-Cabinets/cat_SC2,Boards & Easels,https://www.staples.com/Boards-Easels-Dry-Erase/cat_CG101,Decorative Board Accents,https://www.staples.com/Decorative-Accents-Board-Sets/cat_CL219245,,
Furniture,https://www.staples.com/Furniture-Chairs-Cabinets/cat_SC2,Boards & Easels,https://www.staples.com/Boards-Easels-Dry-Erase/cat_CG101,Mounting Tape,https://www.staples.com/Mounting-Tape/cat_CL350610,,
Furniture,https://www.staples.com/Furniture-Chairs-Cabinets/cat_SC2,Boards & Easels,https://www.staples.com/Boards-Easels-Dry-Erase/cat_CG101,Classroom Posters,https://www.staples.com/Classroom-Posters-Charts/cat_CL166104,,
Furniture,https://www.staples.com/Furniture-Chairs-Cabinets/cat_SC2,Boards & Easels,https://www.staples.com/Boards-Easels-Dry-Erase/cat_CG101,Arts & Crafts,https://www.staples.com/arts-crafts/cat_SC5787,,
Furniture,https://www.staples.com/Furniture-Chairs-Cabinets/cat_SC2,Boards & Easels,https://www.staples.com/Boards-Easels-Dry-Erase/cat_CG101,Art Canvases,https://www.staples.com/Canvas-Art-Boards/cat_CL219042,,
Facilities,https://www.staples.com/Facilities/cat_SC350045,"Commercial Lighting, Ballasts & Bulbs",https://www.staples.com/Commercial-Lighting-Ballasts-Bulbs/cat_DP10986,,,,
Facilities,https://www.staples.com/Facilities/cat_SC350045,Air Quality,https://www.staples.com/Air-Quality/cat_DP10983,,,,
Facilities,https://www.staples.com/Facilities/cat_SC350045,Hardware,https://www.staples.com/Hardware/cat_CG350121,,,,
Facilities,https://www.staples.com/Facilities/cat_SC350045,Grounds Maintenance,https://www.staples.com/Grounds-Maintenance/cat_CG350176,,,,
Facilities,https://www.staples.com/Facilities/cat_SC350045,Hand & Power Tools,https://www.staples.com/Hand-Power-Tools/cat_CG350126,,,,
Facilities,https://www.staples.com/Facilities/cat_SC350045,Paint Supplies,https://www.staples.com/Paint-Supplies/cat_CG350152,,,,
Facilities,https://www.staples.com/Facilities/cat_SC350045,Plumbing,https://www.staples.com/Plumbing/cat_CG350111,,,,
Facilities,https://www.staples.com/Facilities/cat_SC350045,Power Management,https://www.staples.com/power-management/cat_CG1375,,,,
Facilities,https://www.staples.com/Facilities/cat_SC350045,Sealants & Caulking,https://www.staples.com/Sealants-Caulking/cat_CL167177,,,,
Computers & Accessories,https://www.staples.com/Computers-Accessories/cat_SC3,Laptops,https://www.staples.com/Laptops/cat_CL167289,,,,
Computers & Accessories,https://www.staples.com/Computers-Accessories/cat_SC3,Business Laptops,https://www.staples.com/Business-Laptops/cat_CL167289/8db72,,,,
Computers & Accessories,https://www.staples.com/Computers-Accessories/cat_SC3,Chromebooks,https://www.staples.com/Chromebook-Laptops/cat_CL167289/6xnqw,,,,
Computers & Accessories,https://www.staples.com/Computers-Accessories/cat_SC3,Gaming Laptops,https://www.staples.com/Gaming-Laptops/cat_CL167289/8dbxi,,,,
Computers & Accessories,https://www.staples.com/Computers-Accessories/cat_SC3,Desktop Computers,https://www.staples.com/Desktop-Computers/cat_CL167288,,,,
Computers & Accessories,https://www.staples.com/Computers-Accessories/cat_SC3,Gaming Desktops,https://www.staples.com/Gaming-Desktop-Computers/cat_CL167288/8dbxi,,,,
Computers & Accessories,https://www.staples.com/Computers-Accessories/cat_SC3,All in One Computers,https://www.staples.com/All-in-One-Desktop-Computers/cat_CL167288/7fjda,,,,
Computers & Accessories,https://www.staples.com/Computers-Accessories/cat_SC3,Computer Monitors,https://www.staples.com/Computer-Monitors/cat_CL142219,,,,
Computers & Accessories,https://www.staples.com/Computers-Accessories/cat_SC3,Webcams,https://www.staples.com/Webcams/cat_CL140467,,,,
"Coffee, Water & Snacks",https://www.staples.com/Coffee-Water-Snacks/cat_SC1684,"Coffee, Coffee Makers & Supplies",https://www.staples.com/coffee-coffee-makers-supplies/cat_CG1038,,,,
"Coffee, Water & Snacks",https://www.staples.com/Coffee-Water-Snacks/cat_SC1684,Water & Beverages,https://www.staples.com/water-beverages/cat_CG1251,,,,
"Coffee, Water & Snacks",https://www.staples.com/Coffee-Water-Snacks/cat_SC1684,Snacks & Food,https://www.staples.com/Snacks-Meals/cat_CG3609,,,,
"Coffee, Water & Snacks",https://www.staples.com/Coffee-Water-Snacks/cat_SC1684,Coffee Makers & Espresso Machines,https://www.staples.com/Coffee-Makers-Espresso-Machines/cat_CL140860,,,,
"Coffee, Water & Snacks",https://www.staples.com/Coffee-Water-Snacks/cat_SC1684,"Plates, Cups & Cutlery",https://www.staples.com/Disposable-Tableware/cat_CG3813,,,,
"Coffee, Water & Snacks",https://www.staples.com/Coffee-Water-Snacks/cat_SC1684,"Candy, Gum & Mints",https://www.staples.com/Candy-Gum-Mints/cat_CG1253,,,,
"Shredders, Projectors & Office Machines",https://www.staples.com/shredders-projectors-office-machines/cat_SC1681,Shredders,https://www.staples.com/Shredders/cat_CL141980,,,,
"Shredders, Projectors & Office Machines",https://www.staples.com/shredders-projectors-office-machines/cat_SC1681,Projectors & Accessories,https://www.staples.com/Projectors-Accessories/cat_CG3474,,,,
"Shredders, Projectors & Office Machines",https://www.staples.com/shredders-projectors-office-machines/cat_SC1681,Calculators,https://www.staples.com/Calculators/cat_CG3981,,,,
"Shredders, Projectors & Office Machines",https://www.staples.com/shredders-projectors-office-machines/cat_SC1681,Label Makers & Tapes,https://www.staples.com/Label-Makers-Tapes/cat_CG3619,,,,
"Shredders, Projectors & Office Machines",https://www.staples.com/shredders-projectors-office-machines/cat_SC1681,Phones & Accessories,https://www.staples.com/Telephones-Accessories/cat_CG14,,,,
"Shredders, Projectors & Office Machines",https://www.staples.com/shredders-projectors-office-machines/cat_SC1681,Copiers,https://www.staples.com/Copiers/cat_CL90200,,,,
"Shredders, Projectors & Office Machines",https://www.staples.com/shredders-projectors-office-machines/cat_SC1681,Fax Machines,https://www.staples.com/Fax-Machines/cat_CL165742,,,,
"Shredders, Projectors & Office Machines",https://www.staples.com/shredders-projectors-office-machines/cat_SC1681,Headsets,https://www.staples.com/Headsets/cat_CL140478,,,,
"Shredders, Projectors & Office Machines",https://www.staples.com/shredders-projectors-office-machines/cat_SC1681,Typewriters & Typewriter Supplies,https://www.staples.com/Typewriters-Typewriter-Supplies/cat_CL90800,,,,
"Shredders, Projectors & Office Machines",https://www.staples.com/shredders-projectors-office-machines/cat_SC1681,Barcode Scanners & Readers,https://www.staples.com/Barcode-Scanners-Readers/cat_CL141846,,,,
Education,https://www.staples.com/education/cat_SC1686,Classroom Decorations,https://www.staples.com/Classroom-Decorations/cat_DP5229,,,,
Education,https://www.staples.com/education/cat_SC1686,"Games, Puzzles & Toys",https://www.staples.com/Games-Puzzles-Toys/cat_CG3880,,,,
Education,https://www.staples.com/education/cat_SC1686,Musical Instruments,https://www.staples.com/Musical-Instruments/cat_CL207326,,,,
Education,https://www.staples.com/education/cat_SC1686,Classroom Books & Digital Media,https://www.staples.com/Classroom-Books-Digital-Media/cat_DP5205,,,,
Education,https://www.staples.com/education/cat_SC1686,Physical Education & Outdoor Play,https://www.staples.com/Physical-Education-Outdoor-Play/cat_CG3201,,,,
Education,https://www.staples.com/education/cat_SC1686,Rewards & Incentives,https://www.staples.com/Rewards-Incentives/cat_CG3893,,,,
Education,https://www.staples.com/education/cat_SC1686,Teacher Resources,https://www.staples.com/Teacher-Resources/cat_DP5228,,,,
Education,https://www.staples.com/education/cat_SC1686,Lesson Plans & Grade Books,https://www.staples.com/Lesson-Plans-Grade-Books/cat_CL207302,,,,
Education,https://www.staples.com/education/cat_SC1686,Classroom Posters & Charts,https://www.staples.com/Classroom-Posters-Charts/cat_CL166104,,,,
Printers & Scanners,https://www.staples.com/printers-scanners/cat_SC5435,Printers,https://www.staples.com/Printers/cat_CL167883,,,,
Printers & Scanners,https://www.staples.com/printers-scanners/cat_SC5435,Scanners,https://www.staples.com/Scanners/cat_CL158948,,,,
Printers & Scanners,https://www.staples.com/printers-scanners/cat_SC5435,Printer Accessories & Replacement Parts,https://www.staples.com/Printer-Accessories-Replacement-Parts/cat_CL140828,,,,
Printers & Scanners,https://www.staples.com/printers-scanners/cat_SC5435,3D Printers,https://www.staples.com/3D-Printers/cat_CL211598,,,,
Networking & WiFi,https://www.staples.com/networking-wifi/cat_SC5487,Adapters & Access Points,https://www.staples.com/Adapters-Access-Points/cat_CG3708,,,,
Networking & WiFi,https://www.staples.com/networking-wifi/cat_SC5487,Wireless Access Points,https://www.staples.com/Wireless-Access-Points/cat_CL215781,,,,
Networking & WiFi,https://www.staples.com/networking-wifi/cat_SC5487,Modems,https://www.staples.com/Modems/cat_CL140458,,,,
Networking & WiFi,https://www.staples.com/networking-wifi/cat_SC5487,NAS / Cloud Storage,https://www.staples.com/nas-cloud-storage/cat_CL164718,,,,
Networking & WiFi,https://www.staples.com/networking-wifi/cat_SC5487,Mesh WiFi Systems,https://www.staples.com/Mesh-WiFi-Systems/cat_CL220815,,,,
"Bags, Backpacks & Luggage",https://www.staples.com/Bags-Backpacks-Luggage/cat_SC5884,Lunch Bags & Boxes,https://www.staples.com/Lunch-Bags-Boxes/cat_CL165124,,,,
"Bags, Backpacks & Luggage",https://www.staples.com/Bags-Backpacks-Luggage/cat_SC5884,Briefcases,https://www.staples.com/Briefcases/cat_CL216485,,,,
"Bags, Backpacks & Luggage",https://www.staples.com/Bags-Backpacks-Luggage/cat_SC5884,Laptop Bags,https://www.staples.com/Laptop-Bags/cat_CL140978,,,,
"Bags, Backpacks & Luggage",https://www.staples.com/Bags-Backpacks-Luggage/cat_SC5884,Backpacks,https://www.staples.com/Backpacks/cat_CL142745,,,,
School Supplies,https://www.staples.com/School-Supplies/cat_SC350235,Preschool Supplies,https://www.staples.com/preschool-supplies/cat_CG350600,,,,
School Supplies,https://www.staples.com/School-Supplies/cat_SC350235,Elementary School Supplies,https://www.staples.com/elementary-school-supplies/cat_CG350606,,,,
School Supplies,https://www.staples.com/School-Supplies/cat_SC350235,Middle School Supplies,https://www.staples.com/middle-school-supplies/cat_CG350612,,,,
School Supplies,https://www.staples.com/School-Supplies/cat_SC350235,High School Supplies,https://www.staples.com/high-school-supplies/cat_CG350614,,,,
School Supplies,https://www.staples.com/School-Supplies/cat_SC350235,College Supplies,https://www.staples.com/college-supplies/cat_CG350616,,,,
School Supplies,https://www.staples.com/School-Supplies/cat_SC350235,Teacher Supplies,https://www.staples.com/deals/teacher-supplies/BI3000808,,,,
School Supplies,https://www.staples.com/School-Supplies/cat_SC350235,School Tech,https://www.staples.com/school-tech/cat_CG350603,,,,
School Supplies,https://www.staples.com/School-Supplies/cat_SC350235,School Art Supplies,https://www.staples.com/school-art-supplies/cat_CG350597,,,,
School Supplies,https://www.staples.com/School-Supplies/cat_SC350235,School Bags & Lunch Boxes,https://www.staples.com/school-bags-lunch-boxes/cat_CG350602,,,,
School Supplies,https://www.staples.com/School-Supplies/cat_SC350235,Learning at Home,https://www.staples.com/learning-at-home/cat_CG350598,,,,
School Supplies,https://www.staples.com/School-Supplies/cat_SC350235,Classroom Essentials,https://www.staples.com/classroom-essentials/cat_CG350601,,,,
School Supplies,https://www.staples.com/School-Supplies/cat_SC350235,Shop by Subject,https://www.staples.com/shop-by-subject/cat_CG350599,,,,
Computer Software,https://www.staples.com/Computer-Software/cat_SC1941,Office & Business Software,https://www.staples.com/Office-Business-Software/cat_CG3692,,,,
Computer Software,https://www.staples.com/Computer-Software/cat_SC1941,Windows Operating Systems,https://www.staples.com/Windows-Operating-Systems/cat_CL167740,,,,
Computer Software,https://www.staples.com/Computer-Software/cat_SC1941,Antivirus & Internet Security Software,https://www.staples.com/Antivirus-Internet-Security-Software/cat_CG3694,,,,
Computer Software,https://www.staples.com/Computer-Software/cat_SC1941,Accounting & Finance Software,https://www.staples.com/Accounting-Finance-Software/cat_CG3789,,,,
Computer Software,https://www.staples.com/Computer-Software/cat_SC1941,Tax Software,https://www.staples.com/Tax-Software/cat_CL166056,,,,
Computer Software,https://www.staples.com/Computer-Software/cat_SC1941,Photo Editing & Graphic Design Software,https://www.staples.com/Photo-Editing-Graphic-Design-Software/cat_CL167778,,,,
Computer Software,https://www.staples.com/Computer-Software/cat_SC1941,Hobbies & Personal Interest Software,https://www.staples.com/Hobbies-Personal-Interest-Software/cat_CL167741,,,,
Computer Software,https://www.staples.com/Computer-Software/cat_SC1941,Education & Language Learning Software,https://www.staples.com/Education-Language-Learning-Software/cat_CL167771,,,,
Computer Software,https://www.staples.com/Computer-Software/cat_SC1941,PC Games,https://www.staples.com/PC-Games/cat_CL165725,,,,
Healthcare Supplies,https://www.staples.com/Healthcare-Supplies/cat_SC1929,Dental Supplies,https://www.staples.com/Dental/cat_CG3399,,,,
Cell Phone Accessories,https://www.staples.com/Cell-Phones-Accessories/cat_SC5308,Chargers & Charging Cables,https://www.staples.com/Chargers-Charging-Cables/cat_CL162051,,,,
Cell Phone Accessories,https://www.staples.com/Cell-Phones-Accessories/cat_SC5308,Cell Phones,https://www.staples.com/Cell-Phones/cat_CL166921,,,,
Cell Phone Accessories,https://www.staples.com/Cell-Phones-Accessories/cat_SC5308,Cell Phone Cases,https://www.staples.com/Cell-Phone-Cases/cat_CL206053,,,,
Cell Phone Accessories,https://www.staples.com/Cell-Phones-Accessories/cat_SC5308,Cell Phone Screen Protectors,https://www.staples.com/Cell-Phone-Screen-Protectors/cat_CL216706,,,,
Cell Phone Accessories,https://www.staples.com/Cell-Phones-Accessories/cat_SC5308,Cell Phone Docks & Mounts,https://www.staples.com/Cell-Phone-Mounts-Holders/cat_CL206054,,,,
Tablets & iPads,https://www.staples.com/tablets-ipads/cat_SC5326,Tablets & iPads,https://www.staples.com/tablets-ipads/cat_CL204449,,,,
Tablets & iPads,https://www.staples.com/tablets-ipads/cat_SC5326,E-Readers,https://www.staples.com/E-Readers/cat_CL164364,,,,
Tablets & iPads,https://www.staples.com/tablets-ipads/cat_SC5326,"Tablet & iPad Cases, Covers & Keyboards",https://www.staples.com/Tablet-iPad-Cases-Covers-Keyboards/cat_CL166405,,,,
Tablets & iPads,https://www.staples.com/tablets-ipads/cat_SC5326,Tablet Screen Protectors,https://www.staples.com/Tablet-Screen-Protectors/cat_CL166407,,,,
Tablets & iPads,https://www.staples.com/tablets-ipads/cat_SC5326,Tablet Stands & Mounts,https://www.staples.com/Tablet-Stands-Mounts/cat_CL166415,,,,
Tablets & iPads,https://www.staples.com/tablets-ipads/cat_SC5326,Stylus & Smart Pens,https://www.staples.com/Stylus-Smart-Pens/cat_CL166408,,,,
Safety Supplies,https://www.staples.com/Safety-Supplies/cat_SC1718,Fall Protection,https://www.staples.com/Fall-Protection/cat_DP5079,,,,
Safety Supplies,https://www.staples.com/Safety-Supplies/cat_SC1718,Fire Protection,https://www.staples.com/Fire-Protection/cat_DP5201,,,,
Safety Supplies,https://www.staples.com/Safety-Supplies/cat_SC1718,Traffic Safety,https://www.staples.com/Traffic-Safety/cat_DP5085,,,,
Safety Supplies,https://www.staples.com/Safety-Supplies/cat_SC1718,Personal Protective Equipment (PPE),https://www.staples.com/Personal-Protective-Equipment-PPE/cat_CG1398,,,,
Safety Supplies,https://www.staples.com/Safety-Supplies/cat_SC1718,Safety Storage,https://www.staples.com/Safety-Storage/cat_CG1364,,,,
Safety Supplies,https://www.staples.com/Safety-Supplies/cat_SC1718,Disposable Gloves,https://www.staples.com/Disposable-Gloves/cat_CL167009,,,,
Smart Home & Security,https://www.staples.com/Smart-Home-Security/cat_SC5529,Smart Speakers & Displays,https://www.staples.com/Smart-Speakers-Displays/cat_CL216608,,,,
Smart Home & Security,https://www.staples.com/Smart-Home-Security/cat_SC5529,Smart Locks,https://www.staples.com/Smart-Locks/cat_CL216607,,,,
Smart Home & Security,https://www.staples.com/Smart-Home-Security/cat_SC5529,Smart Bulbs,https://www.staples.com/Smart-Bulbs/cat_CL353947,,,,
Smart Home & Security,https://www.staples.com/Smart-Home-Security/cat_SC5529,Security Cameras & Systems,https://www.staples.com/Security-Cameras-Systems/cat_CL160405,,,,
Smart Home & Security,https://www.staples.com/Smart-Home-Security/cat_SC5529,Smart Plugs & Outlets,https://www.staples.com/Smart-Plugs-Outlets/cat_CL211550,,,,
Smart Home & Security,https://www.staples.com/Smart-Home-Security/cat_SC5529,Smart Thermostats,https://www.staples.com/Smart-Thermostats/cat_CL211415,,,,
Smart Home & Security,https://www.staples.com/Smart-Home-Security/cat_SC5529,Security System Accessories,https://www.staples.com/Security-System-Accessories/cat_CL163142,,,,
Smart Home & Security,https://www.staples.com/Smart-Home-Security/cat_SC5529,Smart Doorbells,https://www.staples.com/Smart-Doorbells/cat_CL353945,,,,
Smart Home & Security,https://www.staples.com/Smart-Home-Security/cat_SC5529,Smart Light Switches & Dimmers,https://www.staples.com/Smart-Light-Switches-Dimmers/cat_CL353946,,,,
Smart Home & Security,https://www.staples.com/Smart-Home-Security/cat_SC5529,Smart Sensors,https://www.staples.com/Smart-Sensors/cat_CL211416,,,,
Arts & Crafts,https://www.staples.com/Arts-Crafts/cat_SC5787,Crafting,https://www.staples.com/Crafting/cat_DP10798,,,,
Arts & Crafts,https://www.staples.com/Arts-Crafts/cat_SC5787,Scrapbooking,https://www.staples.com/Scrapbooking/cat_DP9640,,,,
Arts & Crafts,https://www.staples.com/Arts-Crafts/cat_SC5787,Coloring Books,https://www.staples.com/Coloring-Books/cat_CL219108,,,,
Arts & Crafts,https://www.staples.com/Arts-Crafts/cat_SC5787,Paint,https://www.staples.com/Paint/cat_CL140420,,,,
Arts & Crafts,https://www.staples.com/Arts-Crafts/cat_SC5787,Drawing Tools & Supplies,https://www.staples.com/Drawing-Tools-Supplies/cat_CL110202,,,,
Workwear,https://www.staples.com/Workwear/cat_SC5803,Workwear & Rainwear,https://www.staples.com/Workwear-Rainwear/cat_DP9817,,,,
Workwear,https://www.staples.com/Workwear/cat_SC5803,Restaurant Apparel,https://www.staples.com/Restaurant-Apparel/cat_DP9818,,,,
Workwear,https://www.staples.com/Workwear/cat_SC5803,Healthcare Apparel,https://www.staples.com/Staff-Apparel/cat_DP5426,,,,
Workwear,https://www.staples.com/Workwear/cat_SC5803,Lab Apparel,https://www.staples.com/Lab-Science/cat_DP9819,,,,
Gaming,https://www.staples.com/Gaming/cat_SC5841,Xbox One Video Games,https://www.staples.com/xbox-one-video-games/cat_CL350107,,,,
Gaming,https://www.staples.com/Gaming/cat_SC5841,Xbox One Accessories,https://www.staples.com/xbox-one-accessories/cat_CL216222,,,,
Gaming,https://www.staples.com/Gaming/cat_SC5841,PS4 Video Games,https://www.staples.com/PS4-Video-Games/cat_CL350097,,,,
Gaming,https://www.staples.com/Gaming/cat_SC5841,Nintendo Switch Games,https://www.staples.com/nintendo-switch/cat_CL350266,,,,
Gaming,https://www.staples.com/Gaming/cat_SC5841,PC Gaming,https://www.staples.com/deals/PC-Gaming/BI1626481,,,,
"Security, Banking & Cash",https://www.staples.com/Security-Banking-Cash/cat_SC5881,Cash Handling,https://www.staples.com/Cash-Handling/cat_CG3379,,,,
"Security, Banking & Cash",https://www.staples.com/Security-Banking-Cash/cat_SC5881,Tickets & Tags,https://www.staples.com/Pricing-Tickets-Tags/cat_CL206119,,,,
"Security, Banking & Cash",https://www.staples.com/Security-Banking-Cash/cat_SC5881,Safes & Secure Storage,https://www.staples.com/Safes-Secure-Storage/cat_CL158854,,,,
"Security, Banking & Cash",https://www.staples.com/Security-Banking-Cash/cat_SC5881,Call Bells,https://www.staples.com/Call-Bells/cat_CL142096,,,,
Audio,https://www.staples.com/audio/cat_SC5829,Portable Speakers & Radios,https://www.staples.com/Portable-Speakers-Radios/cat_CL167926,,,,
Laboratory & Scientific Supplies,https://www.staples.com/Laboratory-Scientific-Supplies/cat_SC350020,Hazardous Material Lab Storage,https://www.staples.com/hazardous-material-lab-storage/cat_CL215399,,,,
"Tools, Parts & Supplies",https://www.staples.com/Tools-Parts-Supplies/cat_SC5886,"Chemicals, Lubricants & Paints",https://www.staples.com/Lubricants-Penetrants/cat_CG1373,,,,
"Tools, Parts & Supplies",https://www.staples.com/Tools-Parts-Supplies/cat_SC5886,Measuring & Leveling Tools,https://www.staples.com/Measuring-Leveling-Tools/cat_CG3969,,,,
"Tools, Parts & Supplies",https://www.staples.com/Tools-Parts-Supplies/cat_SC5886,Tool & Garage Organization,https://www.staples.com/Tool-Garage-Organization/cat_CG3977,,,,
"Tools, Parts & Supplies",https://www.staples.com/Tools-Parts-Supplies/cat_SC5886,Chalk Reels & Marking Tools,https://www.staples.com/Chalk-Reels-Marking-Tools/cat_CG3966,,,,
Restaurant & Foodservice Supplies,https://www.staples.com/restaurant-foodservice-supplies/cat_SC5542,Smallwares,https://www.staples.com/Bar-Supplies-Equipment/cat_CG3140,,,,
Restaurant & Foodservice Supplies,https://www.staples.com/restaurant-foodservice-supplies/cat_SC5542,Restaurant Apparel,https://www.staples.com/Restaurant-Apparel/cat_CG3136,,,,
Restaurant & Foodservice Supplies,https://www.staples.com/restaurant-foodservice-supplies/cat_SC5542,Restaurant Storage & Transport,https://www.staples.com/Restaurant-Storage-Transport/cat_CG3549,,,,
Restaurant & Foodservice Supplies,https://www.staples.com/restaurant-foodservice-supplies/cat_SC5542,Restaurant Janitorial,https://www.staples.com/Restaurant-Janitorial/cat_CG3550,,,,
Restaurant & Foodservice Supplies,https://www.staples.com/restaurant-foodservice-supplies/cat_SC5542,Restaurant Furniture,https://www.staples.com/Restaurant-Furniture/cat_CG3548,,,,
Restaurant & Foodservice Supplies,https://www.staples.com/restaurant-foodservice-supplies/cat_SC5542,Tabletop,https://www.staples.com/Tabletop/cat_CG3547,,,,
Retail Store Supplies,https://www.staples.com/Retail-Store-Supplies/cat_SC5421,Store Fixtures & Retail Displays,https://www.staples.com/Store-Fixtures-Retail-Displays/cat_CG2898,,,,
Retail Store Supplies,https://www.staples.com/Retail-Store-Supplies/cat_SC5421,Store Security & Operations,https://www.staples.com/Store-Retail-Security-Operations/cat_CG2902,,,,
Retail Store Supplies,https://www.staples.com/Retail-Store-Supplies/cat_SC5421,Backroom Retail Supplies,https://www.staples.com/Backroom-Retail-Supplies/cat_CG2897,,,,
Retail Store Supplies,https://www.staples.com/Retail-Store-Supplies/cat_SC5421,Retail Packaging,https://www.staples.com/Bags-Packaging/cat_CG2901,,,,
Retail Store Supplies,https://www.staples.com/Retail-Store-Supplies/cat_SC5421,Retail Signage,https://www.staples.com/Retail-Signage/cat_CG3112,,,,
Retail Store Supplies,https://www.staples.com/Retail-Store-Supplies/cat_SC5421,Point of Sale (POS) Equipment,https://www.staples.com/Point-of-Sale-Equipment/cat_CG2899,,,,
Retail Store Supplies,https://www.staples.com/Retail-Store-Supplies/cat_SC5421,Time Clocks & Cards,https://www.staples.com/Time-Clocks-Cards/cat_DP3901,,,,
Retail Store Supplies,https://www.staples.com/Retail-Store-Supplies/cat_SC5421,Pricing & Tagging,https://www.staples.com/pricing-tagging/cat_CG2900,,,,
"Office Decor, Homewares & Appliances",https://www.staples.com/Office-Decor-Homewares-Appliances/cat_SC5791,Decor,https://www.staples.com/Decor/cat_CG853,Wall Art,https://www.staples.com/Wall-Art-Decor/cat_DP1567,,
"Office Decor, Homewares & Appliances",https://www.staples.com/Office-Decor-Homewares-Appliances/cat_SC5791,Decor,https://www.staples.com/Decor/cat_CG853,Lamps & Lighting,https://www.staples.com/Lighting-Lamps/cat_CG35,,
"Office Decor, Homewares & Appliances",https://www.staples.com/Office-Decor-Homewares-Appliances/cat_SC5791,Decor,https://www.staples.com/Decor/cat_CG853,Light Bulbs,https://www.staples.com/Light-Bulbs/cat_CL165713,,
"Office Decor, Homewares & Appliances",https://www.staples.com/Office-Decor-Homewares-Appliances/cat_SC5791,Decor,https://www.staples.com/Decor/cat_CG853,Mirrors,https://www.staples.com/Mirrors/cat_CL163751,,
"Office Decor, Homewares & Appliances",https://www.staples.com/Office-Decor-Homewares-Appliances/cat_SC5791,Decor,https://www.staples.com/Decor/cat_CG853,Frames,https://www.staples.com/Picture-Frames-Photo-Albums/cat_CL161523,,
"Office Decor, Homewares & Appliances",https://www.staples.com/Office-Decor-Homewares-Appliances/cat_SC5791,Decor,https://www.staples.com/Decor/cat_CG853,Coat Racks & Hooks,https://www.staples.com/Coat-Trees-Stands-Hooks/cat_CL167079,,
"Office Decor, Homewares & Appliances",https://www.staples.com/Office-Decor-Homewares-Appliances/cat_SC5791,Decor,https://www.staples.com/Decor/cat_CG853,Clocks,https://www.staples.com/Clocks-Timers/cat_CL161533,,
"Office Decor, Homewares & Appliances",https://www.staples.com/Office-Decor-Homewares-Appliances/cat_SC5791,Decor,https://www.staples.com/Decor/cat_CG853,Weather Instruments,https://www.staples.com/Weather-Instruments/cat_CL166884,,
"Office Decor, Homewares & Appliances",https://www.staples.com/Office-Decor-Homewares-Appliances/cat_SC5791,Decor,https://www.staples.com/Decor/cat_CG853,Artificial Plants & Flowers,https://www.staples.com/Artificial-Plants-Flowers/cat_CL162194,,
"Office Decor, Homewares & Appliances",https://www.staples.com/Office-Decor-Homewares-Appliances/cat_SC5791,Decor,https://www.staples.com/Decor/cat_CG853,Decorative Area Rugs,https://www.staples.com/Rugs/cat_CL167008,,
"Office Decor, Homewares & Appliances",https://www.staples.com/Office-Decor-Homewares-Appliances/cat_SC5791,Decor,https://www.staples.com/Decor/cat_CG853,Floor Mats,https://www.staples.com/Floor-Mats/cat_CL214671,,
"Office Decor, Homewares & Appliances",https://www.staples.com/Office-Decor-Homewares-Appliances/cat_SC5791,Decor,https://www.staples.com/Decor/cat_CG853,Storage Baskets,https://www.staples.com/Storage-Baskets/cat_CL354705,,
"Office Decor, Homewares & Appliances",https://www.staples.com/Office-Decor-Homewares-Appliances/cat_SC5791,Decor,https://www.staples.com/Decor/cat_CG853,Storage Bins,https://www.staples.com/Storage-Bins/cat_CL354710,,
"Office Decor, Homewares & Appliances",https://www.staples.com/Office-Decor-Homewares-Appliances/cat_SC5791,Decor,https://www.staples.com/Decor/cat_CG853,Jewelry Boxes & Displays,https://www.staples.com/Jewelry-Boxes-Cases/cat_CL204509,,
"Office Decor, Homewares & Appliances",https://www.staples.com/Office-Decor-Homewares-Appliances/cat_SC5791,Decor,https://www.staples.com/Decor/cat_CG853,Party Decor & Supplies,https://www.staples.com/party-supplies-decor/cat_CG3363,,
"Office Decor, Homewares & Appliances",https://www.staples.com/Office-Decor-Homewares-Appliances/cat_SC5791,Decor,https://www.staples.com/Decor/cat_CG853,Seasonal Décor,https://www.staples.com/Seasonal-Decor/cat_CL21091,,
"Office Decor, Homewares & Appliances",https://www.staples.com/Office-Decor-Homewares-Appliances/cat_SC5791,Appliances,https://www.staples.com/Kitchen-Appliances/cat_CG3156,Coffee Makers,https://www.staples.com/Coffee-Makers-Espresso-Machines/cat_CL140860,,
"Office Decor, Homewares & Appliances",https://www.staples.com/Office-Decor-Homewares-Appliances/cat_SC5791,Appliances,https://www.staples.com/Kitchen-Appliances/cat_CG3156,Microwaves,https://www.staples.com/Microwaves/cat_CL141070,,
"Office Decor, Homewares & Appliances",https://www.staples.com/Office-Decor-Homewares-Appliances/cat_SC5791,Appliances,https://www.staples.com/Kitchen-Appliances/cat_CG3156,Water Dispensers,https://www.staples.com/Water-Filters-Dispensers/cat_CL140865,,
"Office Decor, Homewares & Appliances",https://www.staples.com/Office-Decor-Homewares-Appliances/cat_SC5791,Appliances,https://www.staples.com/Kitchen-Appliances/cat_CG3156,Refrigerators,https://www.staples.com/Refrigerators/cat_CL140861,,
"Office Decor, Homewares & Appliances",https://www.staples.com/Office-Decor-Homewares-Appliances/cat_SC5791,Appliances,https://www.staples.com/Kitchen-Appliances/cat_CG3156,Toasters,https://www.staples.com/Toaster-Ovens/cat_CL210338,,
"Office Decor, Homewares & Appliances",https://www.staples.com/Office-Decor-Homewares-Appliances/cat_SC5791,Appliances,https://www.staples.com/Kitchen-Appliances/cat_CG3156,Blenders,https://www.staples.com/Blenders-Food-Processors/cat_CL166367,,
"Office Decor, Homewares & Appliances",https://www.staples.com/Office-Decor-Homewares-Appliances/cat_SC5791,Appliances,https://www.staples.com/Kitchen-Appliances/cat_CG3156,Slow Cookers,https://www.staples.com/Slow-Cookers-Roasters/cat_CL166369,,
"Office Decor, Homewares & Appliances",https://www.staples.com/Office-Decor-Homewares-Appliances/cat_SC5791,Appliances,https://www.staples.com/Kitchen-Appliances/cat_CG3156,Air Fryers,https://www.staples.com/Countertop-Fryers/cat_CL215331,,
"Office Decor, Homewares & Appliances",https://www.staples.com/Office-Decor-Homewares-Appliances/cat_SC5791,Appliances,https://www.staples.com/Kitchen-Appliances/cat_CG3156,Hot Plates,https://www.staples.com/Cooktops-Hot-Plates/cat_CL211563,,
"Office Decor, Homewares & Appliances",https://www.staples.com/Office-Decor-Homewares-Appliances/cat_SC5791,Appliances,https://www.staples.com/Kitchen-Appliances/cat_CG3156,Juicers,https://www.staples.com/Juicers/cat_CL211562,,
"Office Decor, Homewares & Appliances",https://www.staples.com/Office-Decor-Homewares-Appliances/cat_SC5791,Appliances,https://www.staples.com/Kitchen-Appliances/cat_CG3156,Ice Machines,https://www.staples.com/Ice-Makers-Snow-Cone-Machines/cat_CL212944,,
"Office Decor, Homewares & Appliances",https://www.staples.com/Office-Decor-Homewares-Appliances/cat_SC5791,Appliances,https://www.staples.com/Kitchen-Appliances/cat_CG3156,Kitchen Tools,https://www.staples.com/Kitchen-Tools-Gadgets/cat_CL166366,,
"Office Decor, Homewares & Appliances",https://www.staples.com/Office-Decor-Homewares-Appliances/cat_SC5791,Picture Frames & Photo Albums,https://www.staples.com/Picture-Frames-Photo-Albums/cat_CL161523,,,,
"Office Decor, Homewares & Appliances",https://www.staples.com/Office-Decor-Homewares-Appliances/cat_SC5791,Desk Lamps,https://www.staples.com/Desk-Lamps/cat_CL167867,,,,
"Office Decor, Homewares & Appliances",https://www.staples.com/Office-Decor-Homewares-Appliances/cat_SC5791,Floor Lamps,https://www.staples.com/Floor-Lamps/cat_CL216710,,,,
"Office Decor, Homewares & Appliances",https://www.staples.com/Office-Decor-Homewares-Appliances/cat_SC5791,Clocks & Timers,https://www.staples.com/Clocks/cat_CL161533,,,,
"Office Decor, Homewares & Appliances",https://www.staples.com/Office-Decor-Homewares-Appliances/cat_SC5791,Dining & Entertainment,https://www.staples.com/Dining-Entertainment/cat_CG3409,Pitchers & Tumblers,https://www.staples.com/Carafes-Pitchers-Tumblers/cat_CL168371,,
"Office Decor, Homewares & Appliances",https://www.staples.com/Office-Decor-Homewares-Appliances/cat_SC5791,Dining & Entertainment,https://www.staples.com/Dining-Entertainment/cat_CG3409,Drinkware & Glassware,https://www.staples.com/Drinkware-Glassware/cat_CL212425,,
"Office Decor, Homewares & Appliances",https://www.staples.com/Office-Decor-Homewares-Appliances/cat_SC5791,Dining & Entertainment,https://www.staples.com/Dining-Entertainment/cat_CG3409,Dinnerware,https://www.staples.com/Dinnerware/cat_CL211876,,
"Office Decor, Homewares & Appliances",https://www.staples.com/Office-Decor-Homewares-Appliances/cat_SC5791,Dining & Entertainment,https://www.staples.com/Dining-Entertainment/cat_CG3409,Placemats & Tablecloths,https://www.staples.com/Placemats-Tablecloths/cat_CL204432,,
"Office Decor, Homewares & Appliances",https://www.staples.com/Office-Decor-Homewares-Appliances/cat_SC5791,Kitchen Storage & Organization,https://www.staples.com/Kitchen-Storage-Organization/cat_CL142181,,,,
TV & Streaming Media,https://www.staples.com/TV-Streaming-Media/cat_SC5917,Streaming Media Players,https://www.staples.com/Streaming-Media-Players/cat_CG3572,,,,
TV & Streaming Media,https://www.staples.com/TV-Streaming-Media/cat_SC5917,TVs,https://www.staples.com/TVs/cat_CL164870,,,,
TV & Streaming Media,https://www.staples.com/TV-Streaming-Media/cat_SC5917,Home Theater Audio,https://www.staples.com/Home-Audio/cat_DP5070,,,,
TV & Streaming Media,https://www.staples.com/TV-Streaming-Media/cat_SC5917,TV Accessories,https://www.staples.com/TV-Accessories/cat_CL168253,,,,
TV & Streaming Media,https://www.staples.com/TV-Streaming-Media/cat_SC5917,TV Wall Mounts & Stands,https://www.staples.com/TV-Wall-Mounts/cat_CL142753,,,,
Gift Shop,https://www.staples.com/Gift-Shop/cat_SC1699,"Home, Personal & Travel",https://www.staples.com/Home-Personal-Travel/cat_CG3762,,,,
Gift Shop,https://www.staples.com/Gift-Shop/cat_SC1699,Gift Cards,https://www.staples.com/gift-cards/cat_SC5857,,,,
Gift Shop,https://www.staples.com/Gift-Shop/cat_SC1699,Game Room & Toys,https://www.staples.com/Gifts-Games-Accessories/cat_CG2853,,,,
Gift Shop,https://www.staples.com/Gift-Shop/cat_SC1699,"Gift Sets, Photo & Custom Gifts",https://www.staples.com/Gift-Sets-Photo-Custom-Gifts/cat_CG3760,,,,
Gift Shop,https://www.staples.com/Gift-Shop/cat_SC1699,Professional Gifts,https://www.staples.com/Executive-Gifts/cat_CG3761,,,,
Gift Shop,https://www.staples.com/Gift-Shop/cat_SC1699,Party Supplies & Decor,https://www.staples.com/party-supplies-decor/cat_CG3363,,,,
Fitness,https://www.staples.com/Health-Fitness/cat_CG3172,,,,,,
Outdoors & Recreation,https://www.staples.com/Outdoors-Recreation/cat_CG2801,,,,,,
Luggage & Travel Accessories,https://www.staples.com/luggage-travel-accessories/cat_CG3655,,,,,,
Pet Supplies & Accessories,https://www.staples.com/Pet-Supplies-Accessories/cat_CG350096,,,,,,
Personal Care & Eyewear,https://www.staples.com/Toiletries-Personal-Care/cat_CG1313,,,,,,
"Clothing, Shoes & Accessories",https://www.staples.com/Clothing-Shoes-Accessories/cat_CG3347,,,,,,
Books & Magazines,https://www.staples.com/Books-Magazines/cat_CG3233,,,,,,
