level,l1,l2,l3,l4,url
L1,Cleaning Supplies,,,,https://www.staples.com/cleaning-supplies/cat_SC1683
L2,Cleaning Supplies,Cleaning Chemicals & Wipes,,,https://www.staples.com/Cleaning-Chemicals-Disinfectants/cat_CG3668
L3,Cleaning Supplies,Cleaning Chemicals & Wipes,All-Purpose Cleaners,,https://www.staples.com/All-Purpose-Cleaners-Spray-Cleaning-Chemicals/cat_CL142820/k2zyw
L3,Cleaning Supplies,Cleaning Chemicals & Wipes,Carpet Care,,https://www.staples.com/Carpet-Care/cat_CL220880
L3,Cleaning Supplies,Cleaning Chemicals & Wipes,Hard Floor Care,,https://www.staples.com/Hard-Floor-Care/cat_CL220977
L3,Cleaning Supplies,Cleaning Chemicals & Wipes,Degreasers,,https://www.staples.com/cleaners-degreasers/cat_CL142820/ral7u
L3,Cleaning Supplies,Cleaning Chemicals & Wipes,Dilution Control Chemicals,,https://www.staples.com/Dilution-Control-Chemicals/cat_CL350595
L3,Cleaning Supplies,Cleaning Chemicals & Wipes,Dishwashing Detergent,,https://www.staples.com/Dish-Soap/cat_CL215693
L3,Cleaning Supplies,Cleaning Chemicals & Wipes,Disinfectant,,https://www.staples.com/Disinfectant-Cleaning-Chemicals/cat_CL142820/8uucw
L3,Cleaning Supplies,Cleaning Chemicals & Wipes,Disinfection Wipes,,https://www.staples.com/Disinfectant-Wipes/cat_CL220881
L3,Cleaning Supplies,Cleaning Chemicals & Wipes,Drain Cleaners,,https://www.staples.com/Drain-Cleaners/cat_CL220976
L3,Cleaning Supplies,Cleaning Chemicals & Wipes,Furniture Cleaners,,https://www.staples.com/Furniture-Wood-Polish-Cleaning-Chemicals/cat_CL142820/swxsa
L3,Cleaning Supplies,Cleaning Chemicals & Wipes,Glass Cleaners,,https://www.staples.com/window-glass-cleaner-cleaning-chemicals/cat_CL142820/521tw
L3,Cleaning Supplies,Cleaning Chemicals & Wipes,Laundry Detergent,,https://www.staples.com/Laundry-Detergent/cat_CL168322
L3,Cleaning Supplies,Cleaning Chemicals & Wipes,Odor Control,,https://www.staples.com/Air-Fresheners-Deodorizers/cat_CL142818
L3,Cleaning Supplies,Cleaning Chemicals & Wipes,Restroom Cleaners,,https://www.staples.com/toilet-bathroom-cleaner-cleaning-chemicals/cat_CL142820/ba6du
L2,Cleaning Supplies,Cleaning Tools,,,https://www.staples.com/Cleaning-Tools/cat_CG3928
L3,Cleaning Supplies,Cleaning Tools,Squeegees,,https://www.staples.com/Squeegees/cat_CL204491
L3,Cleaning Supplies,Cleaning Tools,Cleaning Cloths & Rags,,https://www.staples.com/Cleaning-Cloths-Rags/cat_CL220907
L3,Cleaning Supplies,Cleaning Tools,Cleaning Brushes & Toilet Plungers,,https://www.staples.com/Cleaning-Brushes-Toilet-Plungers/cat_CL220905
L3,Cleaning Supplies,Cleaning Tools,"Cleaning Carts, Caddies & Accessories",,https://www.staples.com/Cleaning-Carts-Caddies-Accessories/cat_DP353666
L3,Cleaning Supplies,Cleaning Tools,Spray Bottles & Sprayers,,https://www.staples.com/Spray-Bottles-Sprayers/cat_CL216655
L3,Cleaning Supplies,Cleaning Tools,"Mops, Brooms & Dustpans",,https://www.staples.com/Mops-Brooms-Dustpans/cat_DP353665
L3,Cleaning Supplies,Cleaning Tools,Dusters,,https://www.staples.com/Dusters/cat_CL165592
L3,Cleaning Supplies,Cleaning Tools,Sponges & Scrubbers,,https://www.staples.com/Sponges-Scrubbers/cat_CL142819
L3,Cleaning Supplies,Cleaning Tools,Trash Bags,,https://www.staples.com/Trash-Bags/cat_CL141923
L3,Cleaning Supplies,Cleaning Tools,Trash Cans,,https://www.staples.com/Trash-Cans-Recycling-Bins/cat_CL141928
L2,Cleaning Supplies,Hand Soaps & Sanitizers,,,https://www.staples.com/Hand-Soaps-Sanitizers/cat_CG3931
L3,Cleaning Supplies,Hand Soaps & Sanitizers,Liquid Hand Soaps,,https://www.staples.com/Liquid-Soap-Hand-Soap/cat_CL141836/c3ffq
L3,Cleaning Supplies,Hand Soaps & Sanitizers,Foaming Hand Soaps,,https://www.staples.com/Foaming-Soap-Hand-Soap/cat_CL141836/8k8v4
L3,Cleaning Supplies,Hand Soaps & Sanitizers,Hand Lotion,,https://www.staples.com/Hand-Lotion/cat_CL204584
L3,Cleaning Supplies,Hand Soaps & Sanitizers,Hand Soap Dispensers,,https://www.staples.com/Hand-Soap-Sanitizer-Dispensers/cat_CL350700
L3,Cleaning Supplies,Hand Soaps & Sanitizers,Gel Hand Sanitizers,,https://www.staples.com/gel-sanitizers-hand-sanitizer/cat_CL220928/yyfjd
L3,Cleaning Supplies,Hand Soaps & Sanitizers,Foaming Hand Sanitizer,,https://www.staples.com/Foaming-Sanitizers-Hand-Sanitizer/cat_CL220928/3ycmg
L3,Cleaning Supplies,Hand Soaps & Sanitizers,Hand Sanitizer Wipes,,https://www.staples.com/Wipes-Hand-Sanitizer/cat_CL220928/9b1ai
L3,Cleaning Supplies,Hand Soaps & Sanitizers,Air fresheners,,https://www.staples.com/Air-Fresheners-Deodorizers/cat_CL142818
L2,Cleaning Supplies,Toilet Paper,,,https://www.staples.com/Toilet-Paper-Bath-Tissue/cat_CL141829
L2,Cleaning Supplies,Toilet Paper Dispensers,,,https://www.staples.com/Toilet-Paper-Dispensers/cat_CL350641
L2,Cleaning Supplies,Paper Towels,,,https://www.staples.com/Paper-Towels/cat_CL141826
L2,Cleaning Supplies,Paper Towel Dispensers,,,https://www.staples.com/Paper-Towel-Dispensers/cat_CL350640
L2,Cleaning Supplies,Hand Dryers,,,https://www.staples.com/Hand-Dryers/cat_CL210355
L2,Cleaning Supplies,Waste & Recycling,,,https://www.staples.com/Waste-Recycling-Products/cat_CG2827
L3,Cleaning Supplies,Waste & Recycling,Trash Bags,,https://www.staples.com/Trash-Bags/cat_CL141923
L3,Cleaning Supplies,Waste & Recycling,Waste Receptacle Lids & Accessories,,https://www.staples.com/Waste-Receptacle-Lids-Accessories/cat_CL350740
L3,Cleaning Supplies,Waste & Recycling,Trash Cans & Recycling Bins,,https://www.staples.com/Trash-Cans-Recycling-Bins/cat_CL141928
L3,Cleaning Supplies,Waste & Recycling,Small Trash Cans,,https://www.staples.com/small-trash-cans/cat_CL141928/5osv5-vg6o4
L3,Cleaning Supplies,Waste & Recycling,Step Trash Cans,,https://www.staples.com/step-trash-cans/cat_CL141928/nf68i
L3,Cleaning Supplies,Waste & Recycling,Recycling Bins,,https://www.staples.com/recycling-bins/cat_CL141928/83txu
L3,Cleaning Supplies,Waste & Recycling,Recycling Stations,,https://www.staples.com/recycling-station/cat_CL141928/t4er3
L2,Cleaning Supplies,Laundry Care,,,https://www.staples.com/Laundry-Room-Supplies/cat_CG3735
L3,Cleaning Supplies,Laundry Care,Laundry Detergent,,https://www.staples.com/Laundry-Detergent/cat_CL168322
L3,Cleaning Supplies,Laundry Care,Stain Removers,,https://www.staples.com/Laundry-Stain-Removers/cat_CL354277
L3,Cleaning Supplies,Laundry Care,Scent Boosters,,https://www.staples.com/Scent-Boosters/cat_CL354273
L3,Cleaning Supplies,Laundry Care,Fabric Softener,,https://www.staples.com/Fabric-Softener/cat_CL354271
L3,Cleaning Supplies,Laundry Care,Dryer Sheets,,https://www.staples.com/Dryer-Sheets/cat_CL354276
L2,Cleaning Supplies,Dish Soap,,,https://www.staples.com/Dish-Soap/cat_CL215693
L2,Cleaning Supplies,Dishwasher Detergent,,,https://www.staples.com/Dishwasher-Detergent/cat_CL354475
L2,Cleaning Supplies,Air Fresheners & Deodorizers,,,https://www.staples.com/Air-Fresheners-Deodorizers/cat_CL142818
L2,Cleaning Supplies,Cleaning Cloths & Rags,,,https://www.staples.com/Cleaning-Cloths-Rags/cat_CL220907
L2,Cleaning Supplies,Sponges & Scrubbers,,,https://www.staples.com/Sponges-Scrubbers/cat_CL142819
L2,Cleaning Supplies,Dusters,,,https://www.staples.com/Dusters/cat_CL165592
L2,Cleaning Supplies,Cleaning Brushes & Toilet Plungers,,,https://www.staples.com/Cleaning-Brushes-Toilet-Plungers/cat_CL220905
L2,Cleaning Supplies,"Mops, Brooms & Dustpans",,,https://www.staples.com/Mops-Brooms-Dustpans/cat_DP353665
L2,Cleaning Supplies,Vacuums,,,https://www.staples.com/Vacuums/cat_CL140733
L2,Cleaning Supplies,Wet/Dry Vacuums,,,https://www.staples.com/Wet-Dry-Vacuums/cat_CL220897
L2,Cleaning Supplies,Janitorial Paper & Dispensers,,,https://www.staples.com/janitorial-paper-dispensers/cat_CG3930
L3,Cleaning Supplies,Janitorial Paper & Dispensers,Paper Towels,,https://www.staples.com/Paper-Towels/cat_CL141826
L3,Cleaning Supplies,Janitorial Paper & Dispensers,Toilet Paper,,https://www.staples.com/Toilet-Paper-Bath-Tissue/cat_CL141829
L3,Cleaning Supplies,Janitorial Paper & Dispensers,Tissues,,https://www.staples.com/Facial-Tissue/cat_CL141828
L3,Cleaning Supplies,Janitorial Paper & Dispensers,Napkins,,https://www.staples.com/Napkins/cat_CL141827
L3,Cleaning Supplies,Janitorial Paper & Dispensers,Toilet Seat Covers,,https://www.staples.com/Toilet-Seat-Covers/cat_CL220927
L3,Cleaning Supplies,Janitorial Paper & Dispensers,Paper Towel Dispensers,,https://www.staples.com/Paper-Towel-Dispensers/cat_CL350640
L3,Cleaning Supplies,Janitorial Paper & Dispensers,Toilet Paper Dispensers,,https://www.staples.com/Toilet-Paper-Dispensers/cat_CL350641
L3,Cleaning Supplies,Janitorial Paper & Dispensers,Napkin Dispensers,,https://www.staples.com/Napkin-Dispensers/cat_CL350646
L3,Cleaning Supplies,Janitorial Paper & Dispensers,Toilet Seat Cover Dispensers,,https://www.staples.com/Toilet-Seat-Cover-Dispensers/cat_CL350642
L3,Cleaning Supplies,Janitorial Paper & Dispensers,Hand Dryers,,https://www.staples.com/Hand-Dryers/cat_CL210355
L2,Cleaning Supplies,"Cleaning Carts, Caddies & Accessories",,,https://www.staples.com/Cleaning-Carts-Caddies-Accessories/cat_DP353666
L2,Cleaning Supplies,Floor & Carpet Cleaning Equipment,,,https://www.staples.com/Floor-Carpet-Cleaning-Equipment/cat_CG3924
L3,Cleaning Supplies,Floor & Carpet Cleaning Equipment,Carpet Extractors & Cleaners,,https://www.staples.com/Carpet-Extractors-Cleaners/cat_CL220896
L3,Cleaning Supplies,Floor & Carpet Cleaning Equipment,Vacuum Parts & Accessories,,https://www.staples.com/Vacuum-Parts-Accessories/cat_CL355155
L3,Cleaning Supplies,Floor & Carpet Cleaning Equipment,Auto Scrubbers,,https://www.staples.com/Auto-Scrubbers/cat_CL220895
L3,Cleaning Supplies,Floor & Carpet Cleaning Equipment,Vacuums,,https://www.staples.com/Vacuums/cat_CL140733
L3,Cleaning Supplies,Floor & Carpet Cleaning Equipment,Floor Finish Applicators,,https://www.staples.com/Floor-Finishes-Seals-Applicators/cat_CL220882
L3,Cleaning Supplies,Floor & Carpet Cleaning Equipment,Wet/Dry Vacuums,,https://www.staples.com/Wet-Dry-Vacuums/cat_CL220897
L3,Cleaning Supplies,Floor & Carpet Cleaning Equipment,Floor Machines & Burnishers,,https://www.staples.com/Floor-Machines-Burnishers/cat_CL220706
L3,Cleaning Supplies,Floor & Carpet Cleaning Equipment,Floor Pads,,https://www.staples.com/Floor-Pads/cat_CL220705
L2,Cleaning Supplies,Sink Strainers,,,https://www.staples.com/Sink-Strainers/cat_CL211858
L2,Cleaning Supplies,Chemical Sterilization Equipment,,,https://www.staples.com/Chemical-Sterilization-Equipment/cat_CL215504
L2,Cleaning Supplies,Coastwide,,,https://www.staples.com/coastwide-professional/cat_SC350053
L1,Computers & Accessories,,,,https://www.staples.com/computers-accessories/cat_SC3
L2,Computers & Accessories,Laptops,,,https://www.staples.com/Laptops/cat_CL167289
L2,Computers & Accessories,Monitors,,,https://www.staples.com/Computer-Monitors/cat_CL142219
L2,Computers & Accessories,Desktop Computers,,,https://www.staples.com/Desktop-Computers/cat_CL167288
L2,Computers & Accessories,Keyboards & Mice,,,https://www.staples.com/Keyboards-Mice/cat_CG3634
L3,Computers & Accessories,Keyboards & Mice,Keyboard & Mice Combos,,https://www.staples.com/Keyboard-Mouse-Combos/cat_CL215784
L3,Computers & Accessories,Keyboards & Mice,Mice,,https://www.staples.com/Computer-Mice/cat_CL141983
L3,Computers & Accessories,Keyboards & Mice,Mouse Pads & Wrist Rests,,https://www.staples.com/Mouse-Pads-Wrist-Rests/cat_CL141474
L3,Computers & Accessories,Keyboards & Mice,Keyboards,,https://www.staples.com/Computer-Keyboards/cat_CL215783
L3,Computers & Accessories,Keyboards & Mice,Keyboard Trays,,https://www.staples.com/Keyboard-Trays/cat_CL141473
L2,Computers & Accessories,Computer Components,,,https://www.staples.com/computer-parts-components/cat_CG1272
L3,Computers & Accessories,Computer Components,Graphics Cards,,https://www.staples.com/Graphics-Cards/cat_CL215749
L3,Computers & Accessories,Computer Components,Internal Solid State Drives,,https://www.staples.com/internal-solid-state-drives/cat_CL163882/6yy7s
L3,Computers & Accessories,Computer Components,Computer Processors / CPUs,,https://www.staples.com/Computer-Processors-CPUs/cat_CL167348
L3,Computers & Accessories,Computer Components,Internal Hard Drives,,https://www.staples.com/Internal-Hard-Drives/cat_CL211163
L3,Computers & Accessories,Computer Components,RAM,,https://www.staples.com/Memory/cat_CL142707
L3,Computers & Accessories,Computer Components,Motherboards,,https://www.staples.com/Motherboards/cat_CL167352
L3,Computers & Accessories,Computer Components,Power Supplies,,https://www.staples.com/Power-Supplies/cat_CL141992
L3,Computers & Accessories,Computer Components,Computer Fans,,https://www.staples.com/Computer-Fans/cat_CL350745
L3,Computers & Accessories,Computer Components,Tower Computer Cases,,https://www.staples.com/Tower-Computer-Cases/cat_CL141990
L3,Computers & Accessories,Computer Components,Computer Cards,,https://www.staples.com/Computer-Cards/cat_CL140474
L2,Computers & Accessories,Tablets,,,https://www.staples.com/Tablets-iPads/cat_CL204449
L2,Computers & Accessories,Computer Software,,,https://www.staples.com/computer-software/cat_SC1941
L3,Computers & Accessories,Computer Software,Accounting Software,,https://www.staples.com/Accounting-Software/cat_CL217456
L3,Computers & Accessories,Computer Software,Finance Software,,https://www.staples.com/Finance-Software/cat_CL217457
L3,Computers & Accessories,Computer Software,Tax Software,,https://www.staples.com/Tax-Software/cat_CL166056
L3,Computers & Accessories,Computer Software,Office & Business Software,,https://www.staples.com/Office-Business-Software/cat_CL167739
L3,Computers & Accessories,Computer Software,Antivirus Software,,https://www.staples.com/Antivirus-Software/cat_CL167734
L3,Computers & Accessories,Computer Software,Windows Operating Systems,,https://www.staples.com/Windows-Operating-Systems/cat_CL167740
L3,Computers & Accessories,Computer Software,Graphic Design & Photo Editing Software,,https://www.staples.com/Photo-Editing-Graphic-Design-Software/cat_CL167778
L3,Computers & Accessories,Computer Software,Video Editing & Music Software,,https://www.staples.com/Video-Editing-Music-Software/cat_CL167735
L3,Computers & Accessories,Computer Software,Hobbies & Personal Interest Software,,https://www.staples.com/Hobbies-Personal-Interest-Software/cat_CL167741
L3,Computers & Accessories,Computer Software,Education Software,,https://www.staples.com/Education-Language-Learning-Software/cat_CL167771
L2,Computers & Accessories,Computer Accessories & Peripherals,,,https://www.staples.com/computer-accessories-peripherals/cat_CG3403
L3,Computers & Accessories,Computer Accessories & Peripherals,Keyboards & Mice,,https://www.staples.com/Keyboards-Mice/cat_CG3634
L3,Computers & Accessories,Computer Accessories & Peripherals,Mouse Pads & Wrist Rests,,https://www.staples.com/Mouse-Pads-Wrist-Rests/cat_CL141474
L3,Computers & Accessories,Computer Accessories & Peripherals,Laptop Accessories,,https://www.staples.com/Laptop-Accessories/cat_DP10151
L3,Computers & Accessories,Computer Accessories & Peripherals,Computer Monitors,,https://www.staples.com/Computer-Monitors/cat_CL142219
L3,Computers & Accessories,Computer Accessories & Peripherals,Monitor Mounts & Stands,,https://www.staples.com/Monitor-Stands-Mounts/cat_CL141470
L3,Computers & Accessories,Computer Accessories & Peripherals,Computer Cleaning & Maintenance,,https://www.staples.com/Computer-Cleaning-Maintenance/cat_CL142034
L3,Computers & Accessories,Computer Accessories & Peripherals,Computer Privacy Screens & Protectors,,https://www.staples.com/Computer-Privacy-Screens-Protectors/cat_CL161004
L3,Computers & Accessories,Computer Accessories & Peripherals,Battery Backup & UPS,,https://www.staples.com/Battery-Backup-UPS/cat_CL141931
L3,Computers & Accessories,Computer Accessories & Peripherals,Webcams,,https://www.staples.com/Webcams/cat_CL140467
L3,Computers & Accessories,Computer Accessories & Peripherals,Computer Speakers,,https://www.staples.com/Computer-Speakers/cat_CL140479
L3,Computers & Accessories,Computer Accessories & Peripherals,Software,,https://www.staples.com/computer-software/cat_SC1941
L3,Computers & Accessories,Computer Accessories & Peripherals,Wireless routers,,https://www.staples.com/Routers/cat_CL165749
L3,Computers & Accessories,Computer Accessories & Peripherals,Headphones,,https://www.staples.com/Headphones/cat_CG3625
L3,Computers & Accessories,Computer Accessories & Peripherals,Laptop bags and cases,,https://www.staples.com/Laptop-Bags/cat_CL140978
L2,Computers & Accessories,Webcams,,,https://www.staples.com/Webcams/cat_CL140467
L2,Computers & Accessories,Mouse Pads & Wrist Rests,,,https://www.staples.com/Mouse-Pads-Wrist-Rests/cat_CL141474
L2,Computers & Accessories,Computer Monitors & Stands,,,https://www.staples.com/computer-monitors-stands/cat_CG4
L3,Computers & Accessories,Computer Monitors & Stands,Curved Monitors,,https://www.staples.com/curved-computer-monitors/cat_CL142219/888up
L3,Computers & Accessories,Computer Monitors & Stands,4K Ultra HD Monitors,,https://www.staples.com/4K-Ultra-HD-Computer-Monitors/cat_CL142219/9g2nw
L3,Computers & Accessories,Computer Monitors & Stands,Portable Monitors,,https://www.staples.com/zq9zq9Computer-Monitors/cat_CL142219/zr1xd
L3,Computers & Accessories,Computer Monitors & Stands,Touch Screen Monitors,,https://www.staples.com/touch-screen-computer-monitors/cat_CL142219/6wyj7
L3,Computers & Accessories,Computer Monitors & Stands,Computer Monitors,,https://www.staples.com/Computer-Monitors/cat_CL142219
L3,Computers & Accessories,Computer Monitors & Stands,Business Monitors,,https://www.staples.com/Business-Computer-Monitors/cat_CL142219/7hjod
L3,Computers & Accessories,Computer Monitors & Stands,Everyday Monitors,,https://www.staples.com/Everyday-Computer-Monitors/cat_CL142219/63fkc
L3,Computers & Accessories,Computer Monitors & Stands,Gaming Monitors,,https://www.staples.com/gaming-computer-monitors/cat_CL142219/7wydx
L2,Computers & Accessories,Hard Drives & Data Storage,,,https://www.staples.com/hard-drives-data-storage/cat_SC5486
L3,Computers & Accessories,Hard Drives & Data Storage,Solid State Drives,,https://www.staples.com/Solid-State-Drives/cat_CL163882
L3,Computers & Accessories,Hard Drives & Data Storage,External Hard Drives,,https://www.staples.com/External-Hard-Drives/cat_CL160403
L3,Computers & Accessories,Hard Drives & Data Storage,Internal Hard Drives,,https://www.staples.com/Internal-Hard-Drives/cat_CL211163
L3,Computers & Accessories,Hard Drives & Data Storage,Memory Cards,,https://www.staples.com/Memory-Cards/cat_CL142162
L3,Computers & Accessories,Hard Drives & Data Storage,USB Drives,,https://www.staples.com/USB-Flash-Drives/cat_CL142211
L3,Computers & Accessories,Hard Drives & Data Storage,Storage Accessories,,https://www.staples.com/Hard-Drive-Accessories/cat_CL165255
L3,Computers & Accessories,Hard Drives & Data Storage,Network-attached storage,,https://www.staples.com/Network-Storage/cat_CL164718
L2,Computers & Accessories,Networking & WiFi,,,https://www.staples.com/networking-wifi/cat_SC5487
L3,Computers & Accessories,Networking & WiFi,WiFi Routers,,https://www.staples.com/Routers/cat_CL165749
L3,Computers & Accessories,Networking & WiFi,Mesh Networks,,https://www.staples.com/Mesh-WiFi-Systems/cat_CL220815
L3,Computers & Accessories,Networking & WiFi,Cable Modems,,https://www.staples.com/Modems/cat_CL140458
L3,Computers & Accessories,Networking & WiFi,Ethernet Switches,,https://www.staples.com/Ethernet-Switches/cat_CL165750
L3,Computers & Accessories,Networking & WiFi,Wireless Extenders,,https://www.staples.com/WiFi-Extenders-Repeaters/cat_CL160118
L3,Computers & Accessories,Networking & WiFi,Wireless Access Points,,https://www.staples.com/Wireless-Access-Points/cat_CL215781
L3,Computers & Accessories,Networking & WiFi,Powerline Adapters,,https://www.staples.com/powerline-adapter/cat_CL167422/fgaez
L3,Computers & Accessories,Networking & WiFi,Streaming Media Players,,https://www.staples.com/Streaming-Media-Players/cat_CL160115
L2,Computers & Accessories,Servers & Accessories,,,https://www.staples.com/Servers-Accessories/cat_CG3402
L3,Computers & Accessories,Servers & Accessories,Computer Servers,,https://www.staples.com/Servers/cat_CL207763
L3,Computers & Accessories,Servers & Accessories,Server Accessories,,https://www.staples.com/KVM-Cables-Switches/cat_CL141991
L3,Computers & Accessories,Servers & Accessories,Server Memory,,https://www.staples.com/Server-Memory/cat_CL169153
L3,Computers & Accessories,Servers & Accessories,Server Chassis Components,,https://www.staples.com/Server-Racks-Cabinets/cat_CL168997
L3,Computers & Accessories,Servers & Accessories,Server Chassis,,https://www.staples.com/Server-Chassis/cat_CL168996
L2,Computers & Accessories,Computer Processors/CPUs,,,https://www.staples.com/Computer-Processors-CPUs/cat_CL167348
L2,Computers & Accessories,Computer Memory,,,https://www.staples.com/Memory/cat_CL142707
L2,Computers & Accessories,Graphics Cards,,,https://www.staples.com/Graphics-Cards/cat_CL215749
L2,Computers & Accessories,Power Management,,,https://www.staples.com/power-management/cat_CG1375
L3,Computers & Accessories,Power Management,Batteries,,https://www.staples.com/General-Purpose-Batteries/cat_CL80302
L3,Computers & Accessories,Power Management,Battery Back-up & UPS,,https://www.staples.com/Battery-Backup-UPS/cat_CL141931
L3,Computers & Accessories,Power Management,Surge Protectors & Power Strips,,https://www.staples.com/Surge-Protectors-Power-Strips/cat_CL163615
L3,Computers & Accessories,Power Management,Extension Cords,,https://www.staples.com/Extension-Cords/cat_CL167221
L3,Computers & Accessories,Power Management,UPS Accessories,,https://www.staples.com/UPS-Accessories/cat_CL350763
L3,Computers & Accessories,Power Management,Power Distribution Units,,https://www.staples.com/Power-Distribution-Units/cat_CL167350
L3,Computers & Accessories,Power Management,Power Inverters,,https://www.staples.com/Power-Inverters/cat_CL165020
L2,Computers & Accessories,Office Headsets,,,https://www.staples.com/Office-Headsets/cat_CL216186
L2,Computers & Accessories,External Hard Drives,,,https://www.staples.com/External-Hard-Drives/cat_CL160403
L1,Facilities Maintenance,,,,https://www.staples.com/facilities/cat_SC350045
L2,Facilities Maintenance,Locks & Key Control,,,https://www.staples.com/locks-key-control/cat_CG350150
L2,Facilities Maintenance,Electrical and Wiring,,,https://www.staples.com/Electrical-and-Wiring/cat_CG350181
L2,Facilities Maintenance,Grounds Maintenance,,,https://www.staples.com/Grounds-Maintenance/cat_CG350176
L2,Facilities Maintenance,Hardware,,,https://www.staples.com/Hardware/cat_CG350121
L2,Facilities Maintenance,Paint Supplies,,,https://www.staples.com/Paint-Supplies/cat_CG350152
L2,Facilities Maintenance,"Adhesives, Sealants and Patching",,,https://www.staples.com/Adhesives-Sealants-and-Patching/cat_CG350151
L2,Facilities Maintenance,Spill Containment & Sorbents,,,https://www.staples.com/Spill-Containment-Sorbents/cat_CL165294
L2,Facilities Maintenance,Material Handling,,,https://www.staples.com/Material-Handling/cat_CG1365
L2,Facilities Maintenance,Facilities Signs,,,https://www.staples.com/facilities-signs/cat_CG2925
L2,Facilities Maintenance,Floor Mats & Flooring,,,https://www.staples.com/Floor-Mats-Flooring/cat_CG3756
L2,Facilities Maintenance,Air Quality,,,https://www.staples.com/Air-Quality/cat_DP10983
L2,Facilities Maintenance,Heating & Cooling,,,https://www.staples.com/Heating-Cooling/cat_DP4952
L2,Facilities Maintenance,"Commercial Lighting, Ballasts & Bulbs",,,https://www.staples.com/Commercial-Lighting-Ballasts-Bulbs/cat_DP10986
L2,Facilities Maintenance,Washer & Dryer Accessories,,,https://www.staples.com/Washer-Dryer-Accessories/cat_CL215641
L2,Facilities Maintenance,Bathroom Fixtures,,,https://www.staples.com/Bathroom-Fixtures/cat_CG350146
L2,Facilities Maintenance,Ladders & Step Stools,,,https://www.staples.com/Ladders-Step-Stools/cat_CL142174
L2,Facilities Maintenance,Plumbing,,,https://www.staples.com/Plumbing/cat_CG350111
L2,Facilities Maintenance,Flashlights & Lanterns,,,https://www.staples.com/Flashlights-Lanterns/cat_CL167126
L2,Facilities Maintenance,Hand & Power Tools,,,https://www.staples.com/Hand-Power-Tools/cat_CG350126
L2,Facilities Maintenance,Work Lights,,,https://www.staples.com/Work-Lights/cat_CL167127
L2,Facilities Maintenance,HVAC,,,https://www.staples.com/heating-cooling-air-quality/cat_CG350149
L2,Facilities Maintenance,Thermostats,,,https://www.staples.com/Thermostats/cat_CL208107
L2,Facilities Maintenance,Home & Office Fans,,,https://www.staples.com/General-Purpose-Fans/cat_CL80002
L2,Facilities Maintenance,Industrial Fans,,,https://www.staples.com/Industrial-Fans/cat_CL354480
L2,Facilities Maintenance,Space Heaters,,,https://www.staples.com/Heaters/cat_CL80001
L2,Facilities Maintenance,Air Conditioners,,,https://www.staples.com/Air-Conditioners/cat_CL162664
L2,Facilities Maintenance,Humidifiers,,,https://www.staples.com/Humidifiers/cat_CL165542
L2,Facilities Maintenance,Hand Tools,,,https://www.staples.com/Hand-Tools/cat_DP350160
L2,Facilities Maintenance,Power Tools,,,https://www.staples.com/Power-Tools/cat_DP350161
L2,Facilities Maintenance,Measuring Tools,,,https://www.staples.com/Measuring-Layout-Tools/cat_DP350165
L2,Facilities Maintenance,Tool Storage,,,https://www.staples.com/Tool-Storage/cat_DP350162
L2,Facilities Maintenance,Light Bulbs,,,https://www.staples.com/Light-Bulbs/cat_CL165713
L2,Facilities Maintenance,LED Lighting,,,https://www.staples.com/LED-light-bulbs/cat_CL165713/64g12
L2,Facilities Maintenance,Outdoor Lighting,,,https://www.staples.com/Outdoor-Lighting/cat_CL204475
L2,Facilities Maintenance,Toilets & Urinals,,,https://www.staples.com/Toilets-and-Urinals/cat_DP350145
L2,Facilities Maintenance,Sinks,,,https://www.staples.com/Sinks/cat_CL350344
L2,Facilities Maintenance,Faucets,,,https://www.staples.com/Faucets/cat_CL350346
L2,Facilities Maintenance,Drinking Fountains & Bottle Filling Stations,,,https://www.staples.com/Drinking-Fountains/cat_CL350353
L2,Facilities Maintenance,Drains,,,https://www.staples.com/Drains/cat_CL350345
L2,Facilities Maintenance,Sanitary Dispensers & Receptacles,,,https://www.staples.com/Sanitary-Dispensers-Receptacles/cat_CL350372
L2,Facilities Maintenance,Floor Mats,,,https://www.staples.com/Floor-Mats/cat_CL214671
L2,Facilities Maintenance,Ice Melt,,,https://www.staples.com/Ice-Melt/cat_CL164825
L2,Facilities Maintenance,Pest Control,,,https://www.staples.com/Pest-Control/cat_CL214284
L2,Facilities Maintenance,Ceiling Tiles,,,https://www.staples.com/Ceiling-Tiles/cat_CL350375
L2,Facilities Maintenance,Door Hardware,,,https://www.staples.com/Door-Hardware/cat_DP350156
L2,Facilities Maintenance,Paint Accessories,,,https://www.staples.com/Paint-Accessories/cat_DP350194
L2,Facilities Maintenance,"Commercial Adhesives, Sealants & Caulk",,,https://www.staples.com/Sealants-Caulking/cat_CL167177
L1,Food & Breakroom,,,,https://www.staples.com/coffee-water-snacks/cat_SC1684
L2,Food & Breakroom,"Coffee, Coffee Makers & Supplies",,,https://www.staples.com/coffee-coffee-makers-supplies/cat_CG1038
L3,Food & Breakroom,"Coffee, Coffee Makers & Supplies",Coffee Grinders,,https://www.staples.com/Coffee-Grinders/cat_CL211026
L3,Food & Breakroom,"Coffee, Coffee Makers & Supplies","Single Serve Coffee, Tea & Cocoa",,https://www.staples.com/Single-Serve-Coffee/cat_CL164886
L3,Food & Breakroom,"Coffee, Coffee Makers & Supplies",Coffee Organizers & Dispensers,,https://www.staples.com/Coffee-Organizers-Dispensers/cat_CL214775
L3,Food & Breakroom,"Coffee, Coffee Makers & Supplies",Cocoa,,https://www.staples.com/Cocoa/cat_CL164878
L3,Food & Breakroom,"Coffee, Coffee Makers & Supplies","Carafes, Kettles & Decanters",,https://www.staples.com/Carafes-Kettles-Decanters/cat_CL142180
L3,Food & Breakroom,"Coffee, Coffee Makers & Supplies",Coffee,,https://www.staples.com/Coffee/cat_CL141073
L3,Food & Breakroom,"Coffee, Coffee Makers & Supplies",Tea,,https://www.staples.com/Tea/cat_CL162668
L3,Food & Breakroom,"Coffee, Coffee Makers & Supplies",Coffee Makers & Espresso Machines,,https://www.staples.com/Coffee-Makers-Espresso-Machines/cat_CL140860
L3,Food & Breakroom,"Coffee, Coffee Makers & Supplies",Coffee Filters,,https://www.staples.com/Coffee-Filters/cat_CL350715
L2,Food & Breakroom,Water & Beverages,,,https://www.staples.com/water-beverages/cat_CG1251
L3,Food & Breakroom,Water & Beverages,"Water Bottles, Tumblers & Travel Mugs",,https://www.staples.com/Water-Bottles-Tumblers-Travel-Mugs/cat_CL354650
L3,Food & Breakroom,Water & Beverages,Milk & Creamer,,https://www.staples.com/Milk-Creamer/cat_CL219104
L3,Food & Breakroom,Water & Beverages,Liquid & Powdered Drink Mixes,,https://www.staples.com/Liquid-Powdered-Drink-Mixes/cat_CL350770
L3,Food & Breakroom,Water & Beverages,Soda,,https://www.staples.com/Soda/cat_CL141075
L3,Food & Breakroom,Water & Beverages,Juice,,https://www.staples.com/Juice/cat_CL216257
L3,Food & Breakroom,Water & Beverages,Energy & Sports Drinks,,https://www.staples.com/Energy-Sports-Drinks/cat_CL165674
L3,Food & Breakroom,Water & Beverages,Water,,https://www.staples.com/Water/cat_CL141077
L2,Food & Breakroom,"Plates, Cups & Cutlery",,,https://www.staples.com/Disposable-Tableware/cat_CG3813
L3,Food & Breakroom,"Plates, Cups & Cutlery",Stirrers & Straws,,https://www.staples.com/Stirrers-Straws/cat_CL164424
L3,Food & Breakroom,"Plates, Cups & Cutlery",Disposable Cup Lids & Sleeves,,https://www.staples.com/Disposable-Cup-Lids-Sleeves/cat_CL350751
L3,Food & Breakroom,"Plates, Cups & Cutlery",Disposable Cutlery & Dispensers,,https://www.staples.com/Disposable-Cutlery/cat_CL142176
L3,Food & Breakroom,"Plates, Cups & Cutlery",Disposable Cups,,https://www.staples.com/Disposable-Cups/cat_CL218855
L3,Food & Breakroom,"Plates, Cups & Cutlery",Disposable Plates,,https://www.staples.com/Disposable-Plates/cat_CL142175
L3,Food & Breakroom,"Plates, Cups & Cutlery",Disposable Bowls,,https://www.staples.com/Disposable-Bowls/cat_CL218856
L3,Food & Breakroom,"Plates, Cups & Cutlery",Napkins,,https://www.staples.com/Napkins/cat_CL141827
L3,Food & Breakroom,"Plates, Cups & Cutlery",Food Wrap & Foils,,https://www.staples.com/Food-Wrap-Foils/cat_CL350747
L3,Food & Breakroom,"Plates, Cups & Cutlery",Food Storage Bags,,https://www.staples.com/Food-Storage-Bags/cat_CL167775
L3,Food & Breakroom,"Plates, Cups & Cutlery",Clamshell Boxes,,https://www.staples.com/Carryout-Containers-Boxes/cat_CL350748
L2,Food & Breakroom,"Candy, Gum & Mints",,,https://www.staples.com/Candy-Gum-Mints/cat_CG1253
L3,Food & Breakroom,"Candy, Gum & Mints",Chocolate,,https://www.staples.com/Chocolate/cat_CL165436
L3,Food & Breakroom,"Candy, Gum & Mints",Gummy & Chewy Candy,,https://www.staples.com/Gummy-Chewy-Candy/cat_CL354485
L3,Food & Breakroom,"Candy, Gum & Mints",Gum & Mints,,https://www.staples.com/Gum-Mints/cat_CL215536
L3,Food & Breakroom,"Candy, Gum & Mints",Hard Candy & Lollipops,,https://www.staples.com/Hard-Candy-Lollipops/cat_CL354490
L3,Food & Breakroom,"Candy, Gum & Mints",Gourmet Gifts,,https://www.staples.com/Gourmet-Gifts/cat_CL167909
L2,Food & Breakroom,Snacks & Granola Bars,,,https://www.staples.com/Snacks-Granola-Bars/cat_CL166198
L2,Food & Breakroom,Cookies,,,https://www.staples.com/Cookies/cat_CL354486
L2,Food & Breakroom,Crackers,,,https://www.staples.com/Crackers/cat_CL354491
L2,Food & Breakroom,Fruit Snacks,,,https://www.staples.com/Fruit-Snacks/cat_CL354487
L2,Food & Breakroom,Jerky & Meat Sticks,,,https://www.staples.com/Jerky-Meat-Sticks/cat_CL354492
L2,Food & Breakroom,Nuts & Seeds,,,https://www.staples.com/Nuts-Seeds/cat_CL354493
L2,Food & Breakroom,Popcorn,,,https://www.staples.com/Popcorn/cat_CL354494
L2,Food & Breakroom,Pretzels,,,https://www.staples.com/Pretzels/cat_CL354495
L2,Food & Breakroom,Chips,,,https://www.staples.com/Chips/cat_CL354488
L2,Food & Breakroom,Snack & Trail Mixes,,,https://www.staples.com/Snack-Trail-Mixes/cat_CL354496
L2,Food & Breakroom,Variety Snack Packs,,,https://www.staples.com/Variety-Snack-Packs/cat_CL354489
L2,Food & Breakroom,"Fresh, Frozen & Dry Groceries",,,https://www.staples.com/Fresh-Frozen-Dry-Groceries/cat_DP353585
L2,Food & Breakroom,Breakroom Appliances,,,https://www.staples.com/Breakroom-Appliances/cat_DP10070
L2,Food & Breakroom,Snacks and food,,,https://www.staples.com/Snacks-Meals/cat_CG3609
L3,Food & Breakroom,Snacks and food,Chips,,https://www.staples.com/Chips/cat_CL354488
L3,Food & Breakroom,Snacks and food,Crackers,,https://www.staples.com/Crackers/cat_CL354491
L3,Food & Breakroom,Snacks and food,Popcorn,,https://www.staples.com/Popcorn/cat_CL354494
L3,Food & Breakroom,Snacks and food,Trail Mixes,,https://www.staples.com/Snack-Trail-Mixes/cat_CL354496
L3,Food & Breakroom,Snacks and food,Cookies,,https://www.staples.com/Cookies/cat_CL354486
L3,Food & Breakroom,Snacks and food,Nuts & Seeds,,https://www.staples.com/Nuts-Seeds/cat_CL354493
L3,Food & Breakroom,Snacks and food,Jerky & Meat Sticks,,https://www.staples.com/Jerky-Meat-Sticks/cat_CL354492
L3,Food & Breakroom,Snacks and food,Pretzels,,https://www.staples.com/Pretzels/cat_CL354495
L3,Food & Breakroom,Snacks and food,Fruit Snacks,,https://www.staples.com/Fruit-Snacks/cat_CL354487
L3,Food & Breakroom,Snacks and food,Candy,,https://www.staples.com/Candy-Gum-Mints/cat_CG1253
L3,Food & Breakroom,Snacks and food,Gum & Mints,,https://www.staples.com/Gum-Mints/cat_CL215536
L1,Furniture,,,,https://www.staples.com/Furniture-Chairs-Cabinets/cat_SC2
L2,Furniture,Office Chairs & Seating,,,https://www.staples.com/Chairs-Seating/cat_CG32
L3,Furniture,Office Chairs & Seating,Office Chairs,,https://www.staples.com/Office-Chairs/cat_CL166253
L3,Furniture,Office Chairs & Seating,Gaming Chairs,,https://www.staples.com/Gaming-Office-Chairs/cat_CL166253/pfrhu
L3,Furniture,Office Chairs & Seating,Chair Mats,,https://www.staples.com/Chair-Mats/cat_CL70205
L3,Furniture,Office Chairs & Seating,Accent & Waiting Room Chairs,,https://www.staples.com/Accent-Waiting-Room-Chairs/cat_CL70203
L3,Furniture,Office Chairs & Seating,Chair Parts & Accessories,,https://www.staples.com/Chair-Parts-Accessories/cat_CL141955
L3,Furniture,Office Chairs & Seating,Dining Chairs,,https://www.staples.com/Dining-Chairs/cat_CL166181
L3,Furniture,Office Chairs & Seating,Stacking & Folding Chairs,,https://www.staples.com/Stacking-Folding-Chairs/cat_CL166358
L3,Furniture,Office Chairs & Seating,Big and Tall Chairs,,https://www.staples.com/Big-Tall-Office-Chairs/cat_CL166253/936hb
L3,Furniture,Office Chairs & Seating,Kids Seating,,https://www.staples.com/Kids-Seating/cat_CL210316
L3,Furniture,Office Chairs & Seating,"Recliners, Gliders & Rockers",,https://www.staples.com/Recliners-Gliders-Rockers/cat_CL210580
L2,Furniture,Desks,,,https://www.staples.com/desks/cat_CG33
L3,Furniture,Desks,All Office Desks,,https://www.staples.com/Office-Desks/cat_CL210795
L3,Furniture,Desks,Computer Desks,,https://www.staples.com/Computer-Office-Desks/cat_CL210795/663ea
L3,Furniture,Desks,L-Shaped Desks,,https://www.staples.com/l-shaped-office-desks/cat_CL210795/zuqi9
L3,Furniture,Desks,Standing Desks,,https://www.staples.com/Sit-Stand-Desks/cat_CL215523
L3,Furniture,Desks,Executive Desks,,https://www.staples.com/executive-office-desks/cat_CL210795/66lo4
L3,Furniture,Desks,Gaming Desks,,https://www.staples.com/gaming-office-desks/cat_CL210795/854pp
L3,Furniture,Desks,Corner Desks,,https://www.staples.com/corner-office-desks/cat_CL210795/cy1zd
L3,Furniture,Desks,Writing Desks,,https://www.staples.com/writing-office-desks/cat_CL210795/5ytib
L3,Furniture,Desks,Standing Desk Converters,,https://www.staples.com/sit-stand-desk-converters/cat_CL215523/6brcs
L3,Furniture,Desks,Desk Hutches,,https://www.staples.com/Hutches/cat_CL353865
L3,Furniture,Desks,Workstations & Cubicles,,https://www.staples.com/Cubicle-Panel-Workstations/cat_CL164285
L3,Furniture,Desks,Desk Components,,https://www.staples.com/Desk-Components/cat_CL353870
L3,Furniture,Desks,Anti-Fatigue Mats,,https://www.staples.com/anti-fatigue-mats/cat_CL214671/6n0bg
L2,Furniture,Filing & Storage,,,https://www.staples.com/File-Cabinets/cat_CL70401
L2,Furniture,Whiteboards & Display,,,https://www.staples.com/Boards-Easels-Dry-Erase/cat_CG101
L2,Furniture,Stands,,,https://www.staples.com/carts-stands/cat_CG3721
L2,Furniture,Printer Carts & TV Stands,,,https://www.staples.com/Carts-Stands/cat_CL142173
L2,Furniture,Cubicle & Panel Systems,,,https://www.staples.com/cubicle-panel-systems/cat_CG37
L2,Furniture,Outdoor & Patio Furniture,,,https://www.staples.com/Patio-Furniture/cat_CL213655
L2,Furniture,School Furniture,,,https://www.staples.com/School-Furniture/cat_CG3907
L3,Furniture,School Furniture,Kids' Seating,,https://www.staples.com/Kids-Seating/cat_CL210316
L3,Furniture,School Furniture,Classroom Chairs,,https://www.staples.com/kids-classroom-chairs/cat_CL210316/a2s32
L3,Furniture,School Furniture,Stools,,https://www.staples.com/kids-stools/cat_CL210316/9tll0
L3,Furniture,School Furniture,Ottomans,,https://www.staples.com/kids-ottomans/cat_CL210316/9tss0
L3,Furniture,School Furniture,Floor Cushions,,https://www.staples.com/kids-floor-cushions-wiggle-seats/cat_CL210316/67uk1
L3,Furniture,School Furniture,Student Desks,,https://www.staples.com/Student-Desks-Study-Carrels/cat_CL164560
L3,Furniture,School Furniture,Classroom & Kids' Tables,,https://www.staples.com/Classroom-Kids-Tables/cat_CL210315
L3,Furniture,School Furniture,Activity Tables,,https://www.staples.com/Classroom-Kids-Activity-Tables/cat_CL210315/z8e3j
L3,Furniture,School Furniture,Reception Chairs,,https://www.staples.com/reception-chairs-sets/cat_CL70203/pke21
L3,Furniture,School Furniture,Lounge Furniture,,https://www.staples.com/lounge-chairs/cat_CL70203/667y8
L3,Furniture,School Furniture,Bean Bag Chairs,,https://www.staples.com/Bean-Bag-Chairs/cat_CL210316/grae1
L3,Furniture,School Furniture,Locker Storage,,https://www.staples.com/Lockers/cat_CL350335
L3,Furniture,School Furniture,Storage Tubs,,https://www.staples.com/classroom-storage-tubs/cat_CL207294/83in6
L3,Furniture,School Furniture,Storage Bins,,https://www.staples.com/classroom-storage-bins/cat_CL207294/43htb
L3,Furniture,School Furniture,Pretend Play & Dress Up,,https://www.staples.com/Pretend-Play-Dress-Up/cat_CL206883
L3,Furniture,School Furniture,"Sensory Toys, Tables & Accessories",,https://www.staples.com/sensory-toys-accessories/cat_CL214686/ak7h5
L3,Furniture,School Furniture,Daycare & Playroom Supplies,,https://www.staples.com/Daycare-Nursery-Supplies/cat_CL210263
L3,Furniture,School Furniture,Rest Mats,,https://www.staples.com/Rest-Mats/cat_CL219723
L3,Furniture,School Furniture,Classroom Storage Furniture,,https://www.staples.com/Classroom-Storage-Furniture/cat_CL350775
L2,Furniture,Lighting & Décor,,,https://www.staples.com/Decor/cat_CG853
L1,Ink & Toner,,,,https://www.staples.com/printer-ink-cartridges-toner-finder/cat_SC43
L2,Ink & Toner,Apple,,,https://www.staples.com/Apple/cat_CG562
L3,Ink & Toner,Apple,Color StyleWriter,,https://www.staples.com/color-stylewriter/cat_DP80000034
L3,Ink & Toner,Apple,StyleWriter,,https://www.staples.com/stylewriter/cat_DP800000200
L2,Ink & Toner,Brother,,,https://www.staples.com/Brother-ink-cartridges-toner-cartridges/cat_CG628
L3,Ink & Toner,Brother,AX Series Cartridges,,https://www.staples.com/ax-series/cat_DP800000626
L3,Ink & Toner,Brother,Brother Cartridges,,https://www.staples.com/brother/cat_DP800000212
L3,Ink & Toner,Brother,Brother HL Toner,,https://www.staples.com/hl-series/cat_DP80000022
L3,Ink & Toner,Brother,Brother MFC Printer Ink & Toner Cartridges,,https://www.staples.com/mfc-series/cat_DP8000005
L3,Ink & Toner,Brother,CompacTronic Cartridges,,https://www.staples.com/compactronic/cat_DP800000479
L3,Ink & Toner,Brother,CorrecTronic Cartridges,,https://www.staples.com/correctronic/cat_DP800000480
L3,Ink & Toner,Brother,DCP Series Cartridges,,https://www.staples.com/dcp-series/cat_DP8000004
L3,Ink & Toner,Brother,EM Series Cartridges,,https://www.staples.com/em-series/cat_DP800000485
L3,Ink & Toner,Brother,FAX Series Cartridges,,https://www.staples.com/fax-series/cat_DP800000180
L3,Ink & Toner,Brother,GX Series Cartridges,,https://www.staples.com/gx-series/cat_DP800000627
L3,Ink & Toner,Brother,Intellifax Cartridges,,https://www.staples.com/intellifax/cat_DP800000181
L3,Ink & Toner,Brother,WP Series Cartridges,,https://www.staples.com/wp-series/cat_DP800000218
L2,Ink & Toner,Canon,,,https://www.staples.com/Canon-ink-cartridges-toner-cartridges/cat_CG703
L3,Ink & Toner,Canon,AP Series Cartridges,,https://www.staples.com/ap-series/cat_DP800000360
L3,Ink & Toner,Canon,BJ Series Cartridges,,https://www.staples.com/bj-series/cat_DP80000063
L3,Ink & Toner,Canon,BJC Series Cartridges,,https://www.staples.com/bjc-series/cat_DP800000182
L3,Ink & Toner,Canon,BP Series Cartridges,,https://www.staples.com/bp-series/cat_DP800000553
L3,Ink & Toner,Canon,Canon Cartridges,,https://www.staples.com/canon/cat_DP80000075
L3,Ink & Toner,Canon,Canon MAXIFY Ink,,https://www.staples.com/maxify/cat_DP800000530
L3,Ink & Toner,Canon,Canon PIXMA Ink Cartridges,,https://www.staples.com/pixma-series/cat_DP80000012
L3,Ink & Toner,Canon,Canon SELPHY Printer Ink Cartridges,,https://www.staples.com/selphy-series/cat_DP80000064
L3,Ink & Toner,Canon,CLC Series Cartridges,,https://www.staples.com/clc-series/cat_DP80000060
L3,Ink & Toner,Canon,ColorWave,,https://www.staples.com/colorwave/cat_DP800000876
L3,Ink & Toner,Canon,FAX B Series Cartridges,,https://www.staples.com/fax-b-series/cat_DP800000210
L3,Ink & Toner,Canon,FAX L Series Cartridges,,https://www.staples.com/fax-l-series/cat_DP800000577
L3,Ink & Toner,Canon,FAX-JX Series Cartridges,,https://www.staples.com/fax-jx-series/cat_DP800000179
L3,Ink & Toner,Canon,FaxPhone Cartridges,,https://www.staples.com/faxphone/cat_DP80000013
L3,Ink & Toner,Canon,FC Series Cartridges,,https://www.staples.com/fc-series/cat_DP800000548
L3,Ink & Toner,Canon,i Series Cartridges,,https://www.staples.com/i-series/cat_DP800000184
L3,Ink & Toner,Canon,i-SENSYS Cartridges,,https://www.staples.com/i-sensys/cat_DP80000015
L3,Ink & Toner,Canon,ImageCLASS Series Cartridges,,https://www.staples.com/imageclass-series/cat_DP80000016
L3,Ink & Toner,Canon,imageFORCE,,https://www.staples.com/imageforce/cat_DP8000002601
L3,Ink & Toner,Canon,imageFORMULA,,https://www.staples.com/imageformula/cat_DP8000002301
L3,Ink & Toner,Canon,ImagePress Cartridges,,https://www.staples.com/imagepress/cat_DP80000059
L3,Ink & Toner,Canon,imagePROGRAF/PRO Cartridges,,https://www.staples.com/imageprograf-pro/cat_DP80000061
L3,Ink & Toner,Canon,ImageRunner Cartridges,,https://www.staples.com/imagerunner/cat_DP80000043
L3,Ink & Toner,Canon,LaserBase Cartridges,,https://www.staples.com/laserbase/cat_DP800000576
L3,Ink & Toner,Canon,LaserClass Cartridges,,https://www.staples.com/laserclass/cat_DP80000062
L3,Ink & Toner,Canon,LBP Series Cartridges,,https://www.staples.com/lbp-series/cat_DP80000044
L3,Ink & Toner,Canon,MultiPASS Cartridges,,https://www.staples.com/multipass/cat_DP800000185
L3,Ink & Toner,Canon,PC Series Copiers Cartridges,,https://www.staples.com/pc-series-copiers/cat_DP800000374
L3,Ink & Toner,Canon,Pixus Series Cartridges,,https://www.staples.com/pixus-series/cat_DP800000174
L3,Ink & Toner,Canon,PlotWave,,https://www.staples.com/plotwave/cat_DP80000081
L3,Ink & Toner,Canon,S Series Inkjet Cartridges,,https://www.staples.com/s-series-inkjet/cat_DP800000183
L3,Ink & Toner,Canon,Satera Series Cartridges,,https://www.staples.com/satera-series/cat_DP80000014
L3,Ink & Toner,Canon,SmartBase Cartridges,,https://www.staples.com/smartbase/cat_DP800000186
L2,Ink & Toner,Compuprint,,,https://www.staples.com/compuprint/cat_CG521
L3,Ink & Toner,Compuprint,Compuprint,,https://www.staples.com/compuprint/cat_DP80000070
L2,Ink & Toner,Copystar,,,https://www.staples.com/Copystar/cat_CG774
L3,Ink & Toner,Copystar,Copystar,,https://www.staples.com/copystar/cat_DP80000090
L2,Ink & Toner,Dell,,,https://www.staples.com/Dell-ink-cartridges-toner-cartridges/cat_CG883
L3,Ink & Toner,Dell,1000 Series Cartridges,,https://www.staples.com/1000-series/cat_DP800000188
L3,Ink & Toner,Dell,2000 Series Cartridges,,https://www.staples.com/2000-series/cat_DP800000171
L3,Ink & Toner,Dell,3000 Series,,https://www.staples.com/3000-series/cat_DP800000189
L3,Ink & Toner,Dell,5000 Series Cartridges,,https://www.staples.com/5000-series/cat_DP80000053
L3,Ink & Toner,Dell,900 Series Cartridges,,https://www.staples.com/900-series/cat_DP8000008
L3,Ink & Toner,Dell,B Series Cartridges,,https://www.staples.com/b-series/cat_DP800000187
L3,Ink & Toner,Dell,C Series Cartridges,,https://www.staples.com/c-series/cat_DP800000170
L3,Ink & Toner,Dell,E Series Cartridges,,https://www.staples.com/e-series/cat_DP800000621
L3,Ink & Toner,Dell,H Series Cartridges,,https://www.staples.com/h-series/cat_DP800000660
L3,Ink & Toner,Dell,P Series Cartridges,,https://www.staples.com/p-series/cat_DP80000010
L3,Ink & Toner,Dell,S Series Cartridges,,https://www.staples.com/s-series/cat_DP800000579
L3,Ink & Toner,Dell,V Series Cartridges,,https://www.staples.com/v-series/cat_DP8000009
L2,Ink & Toner,Diebold,,,https://www.staples.com/Diebold/cat_CG2844
L3,Ink & Toner,Diebold,Diebold,,https://www.staples.com/diebold/cat_DP80000078
L2,Ink & Toner,Digital Check,,,https://www.staples.com/Digital-Check/cat_CG2845
L3,Ink & Toner,Digital Check,Digital Check,,https://www.staples.com/digital-check/cat_DP80000079
L2,Ink & Toner,Epson,,,https://www.staples.com/Epson-ink-cartridges-toner-cartridges/cat_CG782
L3,Ink & Toner,Epson,ActionPrinter Series Cartridges,,https://www.staples.com/actionprinter/cat_DP800000730
L3,Ink & Toner,Epson,Artisan Series Cartridges,,https://www.staples.com/artisan/cat_DP800000668
L3,Ink & Toner,Epson,B-Series Inkjet Series Cartridges,,https://www.staples.com/b-series-inkjet/cat_DP80000068
L3,Ink & Toner,Epson,DFX Series Cartridges,,https://www.staples.com/dfx/cat_DP8000001017
L3,Ink & Toner,Epson,Epson EcoTank Ink Refills,,https://www.staples.com/et-series/cat_DP800000623
L3,Ink & Toner,Epson,Epson Series Cartridges,,https://www.staples.com/epson/cat_DP800000193
L3,Ink & Toner,Epson,Epson Stylus Ink,,https://www.staples.com/stylus/cat_DP80000066
L3,Ink & Toner,Epson,Epson WorkForce Ink Cartridges,,https://www.staples.com/workforce/cat_DP80000054
L3,Ink & Toner,Epson,Expression Series Cartridges,,https://www.staples.com/expression-series/cat_DP800000522
L3,Ink & Toner,Epson,FX Series Cartridges,,https://www.staples.com/fx/cat_DP800000714
L3,Ink & Toner,Epson,LQ Series Cartridges,,https://www.staples.com/lq/cat_DP800000715
L3,Ink & Toner,Epson,LX Series Cartridges,,https://www.staples.com/lx/cat_DP800000664
L3,Ink & Toner,Epson,PictureMate Series Cartridges,,https://www.staples.com/picturemate/cat_DP800000894
L3,Ink & Toner,Epson,Stylus Photo Series Cartridges,,https://www.staples.com/stylus-photo/cat_DP800000591
L3,Ink & Toner,Epson,Stylus Pro Series Cartridges,,https://www.staples.com/stylus-pro/cat_DP80000067
L3,Ink & Toner,Epson,SureColor Series Cartridges,,https://www.staples.com/surecolor/cat_DP800000619
L3,Ink & Toner,Epson,TM Series Cartridges,,https://www.staples.com/tm/cat_DP800000197
L2,Ink & Toner,Gestetner,,,https://www.staples.com/Gestetner/cat_CG716
L3,Ink & Toner,Gestetner,2000 Series,,https://www.staples.com/2000-series/cat_DP800000136
L3,Ink & Toner,Gestetner,DSm Series,,https://www.staples.com/dsm-series/cat_DP800000139
L3,Ink & Toner,Gestetner,MP Series,,https://www.staples.com/mp-series/cat_DP800000150
L3,Ink & Toner,Gestetner,P Series,,https://www.staples.com/p-series/cat_DP800000459
L2,Ink & Toner,HP,,,https://www.staples.com/hp/cat_CG812
L3,Ink & Toner,HP,HP Cartridges,,https://www.staples.com/hp/cat_DP80000029
L3,Ink & Toner,HP,Ink Cartridges for HP 2500 Series Printers,,https://www.staples.com/professional-series/cat_DP800000886
L3,Ink & Toner,HP,Ink Cartridges for HP AMP Series Printers,,https://www.staples.com/amp/cat_DP8000001306
L3,Ink & Toner,HP,Ink Cartridges for HP Business Inkjet Series Printers,,https://www.staples.com/business-inkjet/cat_DP800000571
L3,Ink & Toner,HP,Ink Cartridges for HP Color Copier Series Copiers,,https://www.staples.com/color-copier/cat_DP80000033
L3,Ink & Toner,HP,Ink Cartridges for HP Color Inkjet CP Series Printers,,https://www.staples.com/color-inkjet-cp/cat_DP8000001303
L3,Ink & Toner,HP,Ink Cartridges for HP DesignJet Series Printers,,https://www.staples.com/designjet/cat_DP80000037
L3,Ink & Toner,HP,Ink Cartridges for HP DeskJet Series Printers,,https://www.staples.com/deskjet/cat_DP80000038
L3,Ink & Toner,HP,Ink Cartridges for HP Envy Series Printers,,https://www.staples.com/envy/cat_DP800000527
L3,Ink & Toner,HP,Ink Cartridges for HP Fax Machines,,https://www.staples.com/fax/cat_DP80000020
L3,Ink & Toner,HP,Ink Cartridges for HP OfficeJet Enterprise Series Printers,,https://www.staples.com/officejet-enterprise/cat_DP800000616
L3,Ink & Toner,HP,Ink Cartridges for HP OfficeJet Pro Series Printers,,https://www.staples.com/officejet-pro/cat_DP80000017
L3,Ink & Toner,HP,Ink Cartridges for HP OfficeJet Series Printers,,https://www.staples.com/officejet/cat_DP80000018
L3,Ink & Toner,HP,Ink Cartridges for HP PageWide Enterprise Series Printers,,https://www.staples.com/pagewide-enterprise-series/cat_DP800000659
L3,Ink & Toner,HP,Ink Cartridges for HP PageWide Series Printers,,https://www.staples.com/pagewide-series/cat_DP800000654
L3,Ink & Toner,HP,Ink Cartridges for HP PhotoSmart Series Printers,,https://www.staples.com/photosmart/cat_DP80000040
L3,Ink & Toner,HP,Ink Cartridges for HP PSC Series Printers,,https://www.staples.com/psc/cat_DP800000533
L3,Ink & Toner,HP,Ink Cartridges for HP QuietJet Series Printers,,https://www.staples.com/quietjet/cat_DP8000001302
L3,Ink & Toner,HP,Ink Cartridges for HP Smart Tank Series Printers,,https://www.staples.com/smart-tank/cat_DP800000890
L3,Ink & Toner,HP,Ink Cartridges for HP Tango Series Printers,,https://www.staples.com/tango/cat_DP8000001307
L3,Ink & Toner,HP,Ink Cartridges for HP ThinkJet Series Printers,,https://www.staples.com/thinkjet/cat_DP8000001301
L3,Ink & Toner,HP,Toner Cartridges for HP Color LaserJet Pro Printers,,https://www.staples.com/color-laserjet-pro/cat_DP8000002001
L3,Ink & Toner,HP,Toner Cartridges for HP Color LaserJet Series Printers,,https://www.staples.com/color-laserjet/cat_DP8000003
L3,Ink & Toner,HP,Toner Cartridges for HP LaserJet Pro Series Printers,,https://www.staples.com/laserjet-pro/cat_DP8000006
L2,Ink & Toner,Huntress Corp,,,https://www.staples.com/Huntress-Corp/cat_CG1110
L3,Ink & Toner,Huntress Corp,Huntress Corp,,https://www.staples.com/huntress-corp/cat_DP80000028
L2,Ink & Toner,IBM/InfoPrint,,,https://www.staples.com/ibm-infoprint/cat_CG583
L3,Ink & Toner,IBM/InfoPrint,6400 Series,,https://www.staples.com/6400-series/cat_DP800000852
L3,Ink & Toner,IBM/InfoPrint,IBM/InfoPrint,,https://www.staples.com/ibm-infoprint/cat_DP800000191
L3,Ink & Toner,IBM/InfoPrint,InfoPrint,,https://www.staples.com/infoprint/cat_DP80000011
L3,Ink & Toner,IBM/InfoPrint,WheelWriter,,https://www.staples.com/wheelwriter/cat_DP800000905
L2,Ink & Toner,Kodak,,,https://www.staples.com/Kodak-ink-cartridges-toner-cartridges/cat_CG505
L3,Ink & Toner,Kodak,Easyshare Series,,https://www.staples.com/easyshare-series/cat_DP800000177
L3,Ink & Toner,Kodak,ESP Series,,https://www.staples.com/esp-series/cat_DP800000176
L3,Ink & Toner,Kodak,hero Series,,https://www.staples.com/hero-series/cat_DP800000178
L3,Ink & Toner,Kodak,Kodak,,https://www.staples.com/kodak/cat_DP80000039
L2,Ink & Toner,Konica Minolta,,,https://www.staples.com/Konica-Minolta/cat_CG499
L3,Ink & Toner,Konica Minolta,Bizhub Series,,https://www.staples.com/bizhub-series/cat_DP8000002
L3,Ink & Toner,Konica Minolta,Fax Series,,https://www.staples.com/fax-series/cat_DP80000083
L3,Ink & Toner,Konica Minolta,Konica Minolta,,https://www.staples.com/konica-minolta/cat_DP80000086
L2,Ink & Toner,Kyocera Mita,,,https://www.staples.com/Kyocera-Mita/cat_CG697
L3,Ink & Toner,Kyocera Mita,FS Series,,https://www.staples.com/fs-series/cat_DP80000088
L3,Ink & Toner,Kyocera Mita,KM Series,,https://www.staples.com/km-series/cat_DP80000089
L3,Ink & Toner,Kyocera Mita,M Series,,https://www.staples.com/m-series/cat_DP800000421
L3,Ink & Toner,Kyocera Mita,MA Series,,https://www.staples.com/ma-series/cat_DP8000002401
L3,Ink & Toner,Kyocera Mita,P Series,,https://www.staples.com/p-series/cat_DP800000411
L3,Ink & Toner,Kyocera Mita,PA Series,,https://www.staples.com/pa-series/cat_DP8000002402
L3,Ink & Toner,Kyocera Mita,TASKalfa Series,,https://www.staples.com/taskalfa-series/cat_DP80000091
L2,Ink & Toner,Lanier,,,https://www.staples.com/Lanier/cat_CG540
L3,Ink & Toner,Lanier,5000 Series,,https://www.staples.com/5000-series/cat_DP800000137
L3,Ink & Toner,Lanier,IM Series,,https://www.staples.com/im-series/cat_DP8000002201
L3,Ink & Toner,Lanier,Lanier,,https://www.staples.com/lanier/cat_DP800000149
L3,Ink & Toner,Lanier,LD Series,,https://www.staples.com/ld-series/cat_DP800000140
L3,Ink & Toner,Lanier,LP Series,,https://www.staples.com/lp-series/cat_DP800000134
L3,Ink & Toner,Lanier,MP Series,,https://www.staples.com/mp-series/cat_DP800000375
L3,Ink & Toner,Lanier,P Series,,https://www.staples.com/p-series/cat_DP800000878
L3,Ink & Toner,Lanier,Pro Series,,https://www.staples.com/pro-series/cat_DP800000219
L3,Ink & Toner,Lanier,SP Series,,https://www.staples.com/sp-series/cat_DP80000055
L2,Ink & Toner,Lexmark,,,https://www.staples.com/Lexmark-ink-cartridges-toner-cartridges/cat_CG554
L3,Ink & Toner,Lexmark,B Series Cartridges,,https://www.staples.com/b-series/cat_DP800000717
L3,Ink & Toner,Lexmark,C Series Color Laser Series Cartridges,,https://www.staples.com/c-series-color-laser/cat_DP8000007
L3,Ink & Toner,Lexmark,CS Series Cartridges,,https://www.staples.com/cs-series/cat_DP800000525
L3,Ink & Toner,Lexmark,CX Series Cartridges,,https://www.staples.com/cx-series/cat_DP800000526
L3,Ink & Toner,Lexmark,E Series Cartridges,,https://www.staples.com/e-series/cat_DP80000021
L3,Ink & Toner,Lexmark,Formsprinter Series Cartridges,,https://www.staples.com/formsprinter/cat_DP800000882
L3,Ink & Toner,Lexmark,Lexmark Series Cartridges,,https://www.staples.com/lexmark/cat_DP80000047
L3,Ink & Toner,Lexmark,M Series Cartridges,,https://www.staples.com/m-series/cat_DP800000718
L3,Ink & Toner,Lexmark,MB Series Cartridges,,https://www.staples.com/mb-series/cat_DP800000719
L3,Ink & Toner,Lexmark,MC Series Cartridges,,https://www.staples.com/mc-series/cat_DP800000722
L3,Ink & Toner,Lexmark,MS Series Cartridges,,https://www.staples.com/ms-series/cat_DP80000080
L3,Ink & Toner,Lexmark,MX Series Cartridges,,https://www.staples.com/mx-series/cat_DP800000524
L3,Ink & Toner,Lexmark,Optra and OptraImage Series Cartridges,,https://www.staples.com/optra-and-optraimage/cat_DP80000049
L3,Ink & Toner,Lexmark,P Series Inkjet Series Cartridges,,https://www.staples.com/p-series-inkjet/cat_DP800000175
L3,Ink & Toner,Lexmark,T Series Cartridges,,https://www.staples.com/t-series/cat_DP80000027
L3,Ink & Toner,Lexmark,X Series Cartridges,,https://www.staples.com/x-series/cat_DP80000052
L3,Ink & Toner,Lexmark,XC Series Cartridges,,https://www.staples.com/xc-series/cat_DP800000528
L3,Ink & Toner,Lexmark,XM Series Cartridges,,https://www.staples.com/xm-series/cat_DP800000529
L3,Ink & Toner,Lexmark,XS Series Cartridges,,https://www.staples.com/xs-series/cat_DP800000617
L3,Ink & Toner,Lexmark,Z Series Cartridges,,https://www.staples.com/z-series/cat_DP80000092
L2,Ink & Toner,Monroe,,,https://www.staples.com/Monroe/cat_CG700
L3,Ink & Toner,Monroe,Monroe,,https://www.staples.com/monroe/cat_DP800000222
L2,Ink & Toner,Muratec,,,https://www.staples.com/muratec/cat_CG605
L3,Ink & Toner,Muratec,F Series,,https://www.staples.com/f-series/cat_DP800000460
L3,Ink & Toner,Muratec,MFX Series,,https://www.staples.com/mfx-series/cat_DP800000379
L2,Ink & Toner,NCR,,,https://www.staples.com/NCR/cat_CG707
L3,Ink & Toner,NCR,NCR,,https://www.staples.com/ncr/cat_DP80000072
L2,Ink & Toner,NEC,,,https://www.staples.com/NEC/cat_CG672
L3,Ink & Toner,NEC,IT Series,,https://www.staples.com/it-series/cat_DP800000394
L2,Ink & Toner,Oce Imagistics,,,https://www.staples.com/oce-imagistics/cat_CG526
L3,Ink & Toner,Oce Imagistics,CS Series,,https://www.staples.com/cs-series/cat_DP800000395
L2,Ink & Toner,OKI,,,https://www.staples.com/oki/cat_CG778
L3,Ink & Toner,OKI,B Series Cartridges,,https://www.staples.com/b-series/cat_DP800000100
L3,Ink & Toner,OKI,C Series Cartridges,,https://www.staples.com/c-series/cat_DP80000095
L3,Ink & Toner,OKI,MB Series Cartridges,,https://www.staples.com/mb-series/cat_DP800000531
L3,Ink & Toner,OKI,MC Series Cartridges,,https://www.staples.com/mc-series/cat_DP80000099
L3,Ink & Toner,OKI,Microline Series Cartridges,,https://www.staples.com/microline-series/cat_DP800000535
L3,Ink & Toner,OKI,MPS Series Cartridges,,https://www.staples.com/mps-series/cat_DP800000422
L3,Ink & Toner,OKI,OKI Series Cartridges,,https://www.staples.com/oki/cat_DP80000097
L3,Ink & Toner,OKI,OkiPage Series Cartridges,,https://www.staples.com/okipage/cat_DP800000455
L2,Ink & Toner,Panasonic,,,https://www.staples.com/Panasonic-ink-cartridges-toner-cartridges/cat_CG744
L3,Ink & Toner,Panasonic,JS Series,,https://www.staples.com/js-series/cat_DP800000671
L3,Ink & Toner,Panasonic,KX Fax Series,,https://www.staples.com/kx-fax-series/cat_DP800000104
L3,Ink & Toner,Panasonic,KX-E Series,,https://www.staples.com/kx-e-series/cat_DP800000904
L3,Ink & Toner,Panasonic,KX-P Series,,https://www.staples.com/kx-p-series/cat_DP800000429
L3,Ink & Toner,Panasonic,KX-R Series,,https://www.staples.com/kx-r-series/cat_DP800000628
L3,Ink & Toner,Panasonic,KX-W Series,,https://www.staples.com/kx-w-series/cat_DP800000629
L3,Ink & Toner,Panasonic,Panasonic,,https://www.staples.com/panasonic/cat_DP800000103
L2,Ink & Toner,Panini,,,https://www.staples.com/Panini/cat_CG2847
L3,Ink & Toner,Panini,Panini,,https://www.staples.com/panini/cat_DP80000077
L2,Ink & Toner,Pitney Bowes,,,https://www.staples.com/Pitney-Bowes-ink-cartridges-toner-cartridges/cat_CG668
L3,Ink & Toner,Pitney Bowes,Pitney Bowes,,https://www.staples.com/pitney-bowes/cat_DP80000035
L2,Ink & Toner,Ricoh,,,https://www.staples.com/Ricoh/cat_CG704
L3,Ink & Toner,Ricoh,Aficio MP Series Cartridges,,https://www.staples.com/aficio-mp-series/cat_DP800000146
L3,Ink & Toner,Ricoh,Aficio Series Cartridges,,https://www.staples.com/aficio-series/cat_DP800000138
L3,Ink & Toner,Ricoh,Aficio SP Series Cartridges,,https://www.staples.com/aficio-sp-series/cat_DP800000135
L3,Ink & Toner,Ricoh,FAX Series Cartridges,,https://www.staples.com/fax-series/cat_DP800000144
L3,Ink & Toner,Ricoh,IM/IM C Series Cartridges,,https://www.staples.com/im-im-c-series/cat_DP800000875
L3,Ink & Toner,Ricoh,MP Series Cartridges,,https://www.staples.com/mp-series/cat_DP800000376
L3,Ink & Toner,Ricoh,P Series Cartridges,,https://www.staples.com/p-series/cat_DP800000877
L3,Ink & Toner,Ricoh,Pro Series Cartridges,,https://www.staples.com/pro-series/cat_DP800000147
L3,Ink & Toner,Ricoh,Ricoh Series Cartridges,,https://www.staples.com/ricoh/cat_DP800000383
L3,Ink & Toner,Ricoh,SP Series Cartridges,,https://www.staples.com/sp-series/cat_DP80000057
L2,Ink & Toner,Royal Copystar,,,https://www.staples.com/royal-copystar/cat_CG775
L3,Ink & Toner,Royal Copystar,Royal Copystar,,https://www.staples.com/royal-copystar/cat_DP800000419
L2,Ink & Toner,Samsung,,,https://www.staples.com/Samsung-ink-cartridges-toner-cartridges/cat_CG682
L3,Ink & Toner,Samsung,CLP Series Cartridges,,https://www.staples.com/clp-series/cat_DP800000152
L3,Ink & Toner,Samsung,CLX Series Cartridges,,https://www.staples.com/clx-series/cat_DP800000153
L3,Ink & Toner,Samsung,ER Series Cartridges,,https://www.staples.com/er-series/cat_DP800000670
L3,Ink & Toner,Samsung,ML Series Cartridges,,https://www.staples.com/ml-series/cat_DP800000154
L3,Ink & Toner,Samsung,ProXpress Series Cartridges,,https://www.staples.com/proxpress/cat_DP800000618
L3,Ink & Toner,Samsung,Samsung Series Cartridges,,https://www.staples.com/samsung/cat_DP800000490
L3,Ink & Toner,Samsung,SCX Series Cartridges,,https://www.staples.com/scx-series/cat_DP800000155
L3,Ink & Toner,Samsung,SF Series Cartridges,,https://www.staples.com/sf-series/cat_DP800000156
L3,Ink & Toner,Samsung,SL Series Cartridges,,https://www.staples.com/sl-series/cat_DP800000624
L3,Ink & Toner,Samsung,Xpress Series Cartridges,,https://www.staples.com/xpress-series/cat_DP800000172
L2,Ink & Toner,Savin,,,https://www.staples.com/Savin/cat_CG908
L3,Ink & Toner,Savin,Savin,,https://www.staples.com/savin/cat_DP80000056
L2,Ink & Toner,Sharp,,,https://www.staples.com/Sharp-ink-cartridges-toner-cartridges/cat_CG817
L3,Ink & Toner,Sharp,AL Series,,https://www.staples.com/al-series/cat_DP800000907
L3,Ink & Toner,Sharp,AR Series,,https://www.staples.com/ar-series/cat_DP800000101
L3,Ink & Toner,Sharp,BP Series,,https://www.staples.com/bp-series/cat_DP8000002501
L3,Ink & Toner,Sharp,ER Series,,https://www.staples.com/er-series/cat_DP800000693
L3,Ink & Toner,Sharp,MX Series,,https://www.staples.com/mx-series/cat_DP800000159
L2,Ink & Toner,Toshiba,,,https://www.staples.com/Toshiba-ink-cartridges-toner-cartridges/cat_CG711
L3,Ink & Toner,Toshiba,DP Series,,https://www.staples.com/dp-series/cat_DP800000160
L3,Ink & Toner,Toshiba,e-Studio,,https://www.staples.com/e-studio/cat_DP80000082
L2,Ink & Toner,Troy Systems,,,https://www.staples.com/Troy-Systems/cat_CG2858
L3,Ink & Toner,Troy Systems,Troy Systems,,https://www.staples.com/troy-systems/cat_DP80000042
L2,Ink & Toner,Xerox,,,https://www.staples.com/Xerox-ink-cartridges-toner-cartridges/cat_CG620
L3,Ink & Toner,Xerox,AltaLink Series Cartridges,,https://www.staples.com/altalink-series/cat_DP800000720
L3,Ink & Toner,Xerox,B Series,,https://www.staples.com/b-series/cat_DP8000001701
L3,Ink & Toner,Xerox,C Series,,https://www.staples.com/c-series/cat_DP8000001601
L3,Ink & Toner,Xerox,ColorQube Series Cartridges,,https://www.staples.com/colorqube/cat_DP800000572
L3,Ink & Toner,Xerox,CopyCentre Series Cartridges,,https://www.staples.com/copycentre/cat_DP800000165
L3,Ink & Toner,Xerox,DocuColor Series Cartridges,,https://www.staples.com/docucolor/cat_DP800000166
L3,Ink & Toner,Xerox,Phaser Series Cartridges,,https://www.staples.com/phaser/cat_DP80000096
L3,Ink & Toner,Xerox,VersaLink Series Cartridges,,https://www.staples.com/versalink-series/cat_DP800000716
L3,Ink & Toner,Xerox,Versant Series,,https://www.staples.com/versant-series/cat_DP8000002701
L3,Ink & Toner,Xerox,WorkCentre Series Cartridges,,https://www.staples.com/workcentre/cat_DP800000161
L3,Ink & Toner,Xerox,Xerox Series Cartridges,,https://www.staples.com/xerox/cat_DP800000169
L1,Office Supplies,,,,https://www.staples.com/Office-Supplies/cat_SC1
L2,Office Supplies,Pens,,,https://www.staples.com/Pens/cat_CL110001
L2,Office Supplies,Pencils,,,https://www.staples.com/Pencils/cat_CL110200
L2,Office Supplies,Office Basics,,,https://www.staples.com/Office-Basics/cat_CG1036
L3,Office Supplies,Office Basics,Office Supply Kits,,https://www.staples.com/Office-Supply-Kits/cat_CL354685
L3,Office Supplies,Office Basics,Binder & Paper Clips,,https://www.staples.com/Clips-Fasteners/cat_CL10102
L3,Office Supplies,Office Basics,Rubber Bands,,https://www.staples.com/Rubber-Bands/cat_CL163579
L3,Office Supplies,Office Basics,Post-it & Sticky Notes,,https://www.staples.com/Post-it-Sticky-Notes/cat_CL165755
L3,Office Supplies,Office Basics,Staplers,,https://www.staples.com/Staplers/cat_CL10700
L3,Office Supplies,Office Basics,Scissors,,https://www.staples.com/Scissors/cat_CL10504
L3,Office Supplies,Office Basics,Rulers & Measuring Devices,,https://www.staples.com/Rulers-Measuring-Devices/cat_CL10503
L3,Office Supplies,Office Basics,Clear Tape,,https://www.staples.com/Clear-Tape/cat_CL10003
L3,Office Supplies,Office Basics,Tape Dispensers,,https://www.staples.com/Tape-Dispensers/cat_CL215666
L3,Office Supplies,Office Basics,Clipboards,,https://www.staples.com/Clipboards/cat_CL140606
L3,Office Supplies,Office Basics,Hole Punches,,https://www.staples.com/Paper-Punches/cat_CL160904
L3,Office Supplies,Office Basics,Paper Cutters,,https://www.staples.com/Paper-Trimmers/cat_CL167637
L3,Office Supplies,Office Basics,Calculators,,https://www.staples.com/Calculators/cat_CG3981
L3,Office Supplies,Office Basics,Thumb Tacks & Push Pins,,https://www.staples.com/Thumb-Tacks-Push-Pins/cat_CL354692
L3,Office Supplies,Office Basics,Paper Fasteners,,https://www.staples.com/Paper-Fasteners/cat_CL354691
L3,Office Supplies,Office Basics,Staple Removers,,https://www.staples.com/Staple-Removers/cat_CL140862
L3,Office Supplies,Office Basics,Envelopes,,https://www.staples.com/Envelopes/cat_CL142681
L3,Office Supplies,Office Basics,Index Cards,,https://www.staples.com/Index-Cards/cat_CL214476
L2,Office Supplies,Folders & Filing,,,https://www.staples.com/Folders-Filing/cat_CG3539
L3,Office Supplies,Folders & Filing,File Folders,,https://www.staples.com/File-Folders/cat_CL141669
L3,Office Supplies,Folders & Filing,Hanging File Folders,,https://www.staples.com/Hanging-File-Folders/cat_CL140599
L3,Office Supplies,Folders & Filing,Accordion Folders,,https://www.staples.com/Accordion-Folders/cat_CL220757
L3,Office Supplies,Folders & Filing,Classification Folders,,https://www.staples.com/Classification-Folders/cat_CL142831
L3,Office Supplies,Folders & Filing,File Pockets & Jackets,,https://www.staples.com/File-Pockets-Jackets/cat_CL161019
L3,Office Supplies,Folders & Filing,File Sorters,,https://www.staples.com/File-Sorters/cat_CL163317
L3,Office Supplies,Folders & Filing,File Storage,,https://www.staples.com/File-Storage/cat_CL165731
L3,Office Supplies,Folders & Filing,Filing Accessories,,https://www.staples.com/Filing-Accessories/cat_CL158855
L3,Office Supplies,Folders & Filing,Pocket Folders,,https://www.staples.com/Pocket-Folders/cat_CL140674
L3,Office Supplies,Folders & Filing,Presentation Books,,https://www.staples.com/Presentation-Books/cat_CL162165
L3,Office Supplies,Folders & Filing,Report Covers,,https://www.staples.com/Report-Covers/cat_CL130501
L3,Office Supplies,Folders & Filing,Filing Cabinets,,https://www.staples.com/File-Cabinets/cat_CL70401
L3,Office Supplies,Folders & Filing,Desk & Paper Trays,,https://www.staples.com/Letter-Desktop-Trays/cat_CL142133
L3,Office Supplies,Folders & Filing,File Organizers,,https://www.staples.com/File-Organizers/cat_CL354546
L3,Office Supplies,Folders & Filing,Literature & Mail Sorters,,https://www.staples.com/Literature-Mail-Sorters/cat_CL141866
L3,Office Supplies,Folders & Filing,Labels,,https://www.staples.com/Labels/cat_CL142725
L2,Office Supplies,Binders,,,https://www.staples.com/Binders/cat_CL167205
L2,Office Supplies,Glue & Glue Sticks,,,https://www.staples.com/Glue-Glue-Sticks/cat_CL166024
L2,Office Supplies,Writing Supplies & Instruments,,,https://www.staples.com/Writing-Supplies/cat_CG11
L3,Office Supplies,Writing Supplies & Instruments,Pens,,https://www.staples.com/Pens/cat_CL110001
L3,Office Supplies,Writing Supplies & Instruments,Pencils,,https://www.staples.com/Pencils/cat_CL110200
L3,Office Supplies,Writing Supplies & Instruments,Markers,,https://www.staples.com/Markers/cat_CL140896
L3,Office Supplies,Writing Supplies & Instruments,Highlighters,,https://www.staples.com/Highlighters/cat_CL158890
L3,Office Supplies,Writing Supplies & Instruments,Correction Fluid & Tape,,https://www.staples.com/Correction-White-Out/cat_CL350630
L3,Office Supplies,Writing Supplies & Instruments,Erasers,,https://www.staples.com/Erasers/cat_CL140615
L3,Office Supplies,Writing Supplies & Instruments,Pencil Sharpeners,,https://www.staples.com/Pencil-Sharpeners/cat_CL110300
L3,Office Supplies,Writing Supplies & Instruments,Pencil Cases & Pouches,,https://www.staples.com/Pencil-Cases-Pouches/cat_CL141253
L3,Office Supplies,Writing Supplies & Instruments,Stylus & Smart Pens,,https://www.staples.com/Stylus-Smart-Pens/cat_CL166408
L3,Office Supplies,Writing Supplies & Instruments,Art & School Markers,,https://www.staples.com/Art-School-Markers/cat_CL221591
L3,Office Supplies,Writing Supplies & Instruments,Dry Erase Markers,,https://www.staples.com/Dry-Erase-Markers/cat_CL140896/c0z1c
L3,Office Supplies,Writing Supplies & Instruments,Permanent Markers,,https://www.staples.com/Permanent-Markers/cat_CL140896/c0y30
L3,Office Supplies,Writing Supplies & Instruments,Wet Erase Markers,,https://www.staples.com/Wet-Erase-Markers/cat_CL140896/c15in
L3,Office Supplies,Writing Supplies & Instruments,#2 Pencils,,https://www.staples.com/Pencils/cat_CL110200/6ozw8
L3,Office Supplies,Writing Supplies & Instruments,Fountain Pens,,https://www.staples.com/fountain-pens/cat_CL110001/8wksb
L3,Office Supplies,Writing Supplies & Instruments,"Notebooks, Notepads & Journals",,https://www.staples.com/notebooks-notepads/cat_CG3783
L3,Office Supplies,Writing Supplies & Instruments,Sticky Notes,,https://www.staples.com/Post-it-Sticky-Notes/cat_CL165755
L3,Office Supplies,Writing Supplies & Instruments,Loose Leaf Paper,,https://www.staples.com/Loose-Leaf-Graph-Paper/cat_CL161811
L3,Office Supplies,Writing Supplies & Instruments,Desk Organizers & Accessories,,https://www.staples.com/Desk-Organizers-Accessories/cat_CG22
L3,Office Supplies,Writing Supplies & Instruments,TRU RED Pens by Staples,,https://www.staples.com/TRU-RED-Pens/cat_CL110001/5en3l
L3,Office Supplies,Writing Supplies & Instruments,Staples Gel Pens,,https://www.staples.com/Staples-Gel-Pens/cat_CL110001/006y1-87vuv
L2,Office Supplies,Calendars & Planners,,,https://www.staples.com/Calendars-Planners/cat_CG12
L3,Office Supplies,Calendars & Planners,Planners & Personal Organizers,,https://www.staples.com/Planners-Personal-Organizers/cat_CL166388
L3,Office Supplies,Calendars & Planners,Academic Planners,,https://www.staples.com/Academic-Planners/cat_CL166388/pfelh
L3,Office Supplies,Calendars & Planners,Daily Planners,,https://www.staples.com/Daily-Planners-Personal-Organizers/cat_CL166388/7yjh1
L3,Office Supplies,Calendars & Planners,Monthly Planners,,https://www.staples.com/Monthly-Planners-Personal-Organizers/cat_CL166388/7ymhh
L3,Office Supplies,Calendars & Planners,Undated Planners,,https://www.staples.com/Undated-Planners-Personal-Organizers/cat_CL166388/x8hha
L3,Office Supplies,Calendars & Planners,Lesson Planners & Grade Books,,https://www.staples.com/Lesson-Plans-Grade-Books/cat_CL207302
L3,Office Supplies,Calendars & Planners,Calendars,,https://www.staples.com/Calendars/cat_CL166389
L3,Office Supplies,Calendars & Planners,Academic Calendars,,https://www.staples.com/Academic-Year-Calendars/cat_CL166389/pfelh
L3,Office Supplies,Calendars & Planners,Desk Pad Calendars,,https://www.staples.com/Desk-Pad-Calendars/cat_CL166389/ia40a
L3,Office Supplies,Calendars & Planners,Wall Calendars,,https://www.staples.com/Wall-Calendars/cat_CL166389/81plm
L3,Office Supplies,Calendars & Planners,Dry Erase Calendars,,https://www.staples.com/Dry-Erase-Calendars/cat_CL166389/tlqj0
L3,Office Supplies,Calendars & Planners,Dry Erase Calendar Boards,,https://www.staples.com/Calendar-In-Out-Boards/cat_CL142105
L3,Office Supplies,Calendars & Planners,Organizer Refills & Accessories,,https://www.staples.com/Organizer-Refills-Accessories/cat_CL166401
L3,Office Supplies,Calendars & Planners,All 2027 Calendars,,https://www.staples.com/2027-Calendars/cat_CL166389/ge2q3
L2,Office Supplies,"Tape, Fasteners & Adhesives",,,https://www.staples.com/Tape-Fasteners-Adhesives/cat_CG3745
L3,Office Supplies,"Tape, Fasteners & Adhesives",Tape Dispensers,,https://www.staples.com/Tape-Dispensers/cat_CL215666
L3,Office Supplies,"Tape, Fasteners & Adhesives",Adhesive Dots & Tape Runners,,https://www.staples.com/Adhesive-Dots-Tape-Runners/cat_CL354675
L3,Office Supplies,"Tape, Fasteners & Adhesives",Glue & Glue Sticks,,https://www.staples.com/Glue-Glue-Sticks/cat_CL166024
L3,Office Supplies,"Tape, Fasteners & Adhesives",Mounting,,https://www.staples.com/Mounting/cat_DP10541
L3,Office Supplies,"Tape, Fasteners & Adhesives",Hot Glue Sticks & Guns,,https://www.staples.com/Hot-Glue-Sticks-Guns/cat_CL354680
L3,Office Supplies,"Tape, Fasteners & Adhesives",Tape,,https://www.staples.com/Adhesives-Tape/cat_DP100
L3,Office Supplies,"Tape, Fasteners & Adhesives",Transparent Tape,,https://www.staples.com/Clear-Tape/cat_CL10003
L3,Office Supplies,"Tape, Fasteners & Adhesives",Packing Tape,,https://www.staples.com/Packing-Tape/cat_CL140631
L3,Office Supplies,"Tape, Fasteners & Adhesives",Arts & Crafts Tape,,https://www.staples.com/Arts-Crafts-Tape/cat_CL215702
L3,Office Supplies,"Tape, Fasteners & Adhesives",Duct Tape,,https://www.staples.com/Duct-Tape/cat_CL167765
L3,Office Supplies,"Tape, Fasteners & Adhesives",Masking Tape,,https://www.staples.com/Masking-Tape/cat_CL141874
L3,Office Supplies,"Tape, Fasteners & Adhesives",Gaffers Tape,,https://www.staples.com/Gaffers-Tape/cat_CL350300
L3,Office Supplies,"Tape, Fasteners & Adhesives",School Glue,,https://www.staples.com/School-Glue-Glue-Sticks/cat_CL354134
L3,Office Supplies,"Tape, Fasteners & Adhesives",Glue Sticks,,https://www.staples.com/Glue-Sticks-Glue-Glue-Sticks/cat_CL166024/ce0n5
L3,Office Supplies,"Tape, Fasteners & Adhesives",Super Glue,,https://www.staples.com/Super-Glue-Glue-Sticks/cat_CL166024/os3jc
L3,Office Supplies,"Tape, Fasteners & Adhesives",Hooks & Hanging Strips,,https://www.staples.com/Hooks-Hanging-Strips/cat_CL215292
L3,Office Supplies,"Tape, Fasteners & Adhesives",Hook & Loop Fasteners,,https://www.staples.com/Hook-and-Loop-Fasteners/cat_CL140446
L3,Office Supplies,"Tape, Fasteners & Adhesives",Putty,,https://www.staples.com/Putty/cat_CL354681
L2,Office Supplies,Clear Tape,,,https://www.staples.com/Clear-Tape/cat_CL10003
L2,Office Supplies,Paper,,,https://www.staples.com/Stationery-Invitations/cat_CG350061
L2,Office Supplies,Printers & Scanners,,,https://www.staples.com/printers-scanners/cat_SC5435
L2,Office Supplies,Ink & Toner,,,https://www.staples.com/printer-ink-cartridges-toner-finder/cat_SC43
L2,Office Supplies,Envelopes,,,https://www.staples.com/Envelopes/cat_CG23
L3,Office Supplies,Envelopes,Envelopes,,https://www.staples.com/Envelopes/cat_CL142681
L3,Office Supplies,Envelopes,Postage Stamps,,https://www.staples.com/Postage-Stamps/cat_CL354846
L3,Office Supplies,Envelopes,Mailing Supplies,,https://www.staples.com/mailing-supplies/cat_CG16
L3,Office Supplies,Envelopes,Bubble Mailers,,https://www.staples.com/bubble-wrap-envelopes/cat_CL142648/u3q5u
L3,Office Supplies,Envelopes,Padded Mailers,,https://www.staples.com/padded-envelopes/cat_CL142648/c33f8
L3,Office Supplies,Envelopes,Poly Mailers,,https://www.staples.com/mailers/cat_CL142648/4kq7b
L3,Office Supplies,Envelopes,Windowed Envelopes,,https://www.staples.com/window-envelopes/cat_CL142681/2a07i
L3,Office Supplies,Envelopes,Invitation Envelopes,,https://www.staples.com/invitation-envelopes/cat_CL142681/12cxx
L3,Office Supplies,Envelopes,Coin Envelopes,,https://www.staples.com/currency-envelopes/cat_CL142681/81sit
L3,Office Supplies,Envelopes,Security Envelopes,,https://www.staples.com/security-tinted-envelopes/cat_CL142681/ox0v5
L3,Office Supplies,Envelopes,Clasp Envelopes,,https://www.staples.com/Clasp-Envelopes/cat_CL142681/7qmei
L3,Office Supplies,Envelopes,Double Window Envelopes,,https://www.staples.com/double-window-envelopes/cat_CL142681/rg64z
L3,Office Supplies,Envelopes,Self Seal Envelopes,,https://www.staples.com/Self-Seal-Envelopes/cat_CL142681/o5n2m
L3,Office Supplies,Envelopes,Booklet Envelopes,,https://www.staples.com/booklet-envelopes/cat_CL142681/tspl5
L3,Office Supplies,Envelopes,Tax Envelopes,,https://www.staples.com/tax-form-envelopes/cat_CL142681/7yvl5
L3,Office Supplies,Envelopes,Shipping & Packing Supplies,,https://www.staples.com/Shipping-Supplies/cat_CG1257
L3,Office Supplies,Envelopes,Cardboard Boxes,,https://www.staples.com/Shipping-Boxes/cat_CL213835
L2,Office Supplies,Labels,,,https://www.staples.com/Labels/cat_CL142725
L2,Office Supplies,Label Makers & Tapes,,,https://www.staples.com/Label-Makers-Tapes/cat_CG3619
L3,Office Supplies,Label Makers & Tapes,Label Makers,,https://www.staples.com/Label-Makers/cat_CL90400
L3,Office Supplies,Label Makers & Tapes,Label Maker Tapes,,https://www.staples.com/Label-Maker-Tapes-Printer-Labels/cat_CL140557
L3,Office Supplies,Label Makers & Tapes,Portable Label Makers,,https://www.staples.com/portable-label-maker/cat_CL90400/95yfk
L3,Office Supplies,Label Makers & Tapes,ID Card Printers & Accessories,,https://www.staples.com/ID-Card-Printers-Accessories/cat_CL215740
L2,Office Supplies,Stamps & Stamp Pads,,,https://www.staples.com/Stamps-Stamp-Pads/cat_CL142740
L2,Office Supplies,Shredders & Accessories,,,https://www.staples.com/Shredders-Accessories/cat_CG1103
L3,Office Supplies,Shredders & Accessories,All Shredders,,https://www.staples.com/Shredders/cat_CL141980
L3,Office Supplies,Shredders & Accessories,Micro-Cut Shredders,,https://www.staples.com/Micro-Shredders/cat_CL141980/918gn
L3,Office Supplies,Shredders & Accessories,Cross-Cut Shredders,,https://www.staples.com/Cross-Cut-Shredders/cat_CL141980/6zav1
L3,Office Supplies,Shredders & Accessories,Strip-Cut Shredders,,https://www.staples.com/Strip-Shredders/cat_CL141980/919jd
L3,Office Supplies,Shredders & Accessories,Shredder Oil,,https://www.staples.com/shredder-oil/cat_CL158967/xyrem
L3,Office Supplies,Shredders & Accessories,Shredder Bags,,https://www.staples.com/shredder-bags/cat_CL158967/tdaas
L3,Office Supplies,Shredders & Accessories,Shredder Accessories,,https://www.staples.com/Shredder-Accessories/cat_CL158967
L2,Office Supplies,Calculators,,,https://www.staples.com/Calculators/cat_CG3981
L3,Office Supplies,Calculators,Basic Calculators,,https://www.staples.com/Basic-Calculators/cat_CL90000
L3,Office Supplies,Calculators,Scientific Calculators,,https://www.staples.com/Scientific-Calculators/cat_CL90002
L3,Office Supplies,Calculators,Graphing Calculators,,https://www.staples.com/Graphing-Calculators/cat_CL90003
L3,Office Supplies,Calculators,Printing Calculators,,https://www.staples.com/Printing-Calculators/cat_CL90001
L3,Office Supplies,Calculators,Financial Calculators,,https://www.staples.com/Financial-Calculators/cat_CL140514
L3,Office Supplies,Calculators,Industry-Specific Calculators,,https://www.staples.com/Industry-Specific-Calculators/cat_CL215227
L3,Office Supplies,Calculators,Calculator Accessories,,https://www.staples.com/Calculator-Accessories/cat_CL30100
L2,Office Supplies,Storage & Organization,,,https://www.staples.com/storage-organization/cat_CG3633
L3,Office Supplies,Storage & Organization,Storage Containers & Boxes,,https://www.staples.com/Storage-Containers-Boxes/cat_CL215127
L3,Office Supplies,Storage & Organization,Plastic Storage Containers,,https://www.staples.com/Plastic-Storage-Containers-Boxes/cat_CL215127/9fmhm
L3,Office Supplies,Storage & Organization,Storage Drawers,,https://www.staples.com/Storage-Drawers/cat_CL140604
L3,Office Supplies,Storage & Organization,Storage Bins,,https://www.staples.com/Storage-Bins/cat_CL354710
L3,Office Supplies,Storage & Organization,File Boxes,,https://www.staples.com/File-Storage/cat_CL165731
L3,Office Supplies,Storage & Organization,Filing Cabinets,,https://www.staples.com/File-Cabinets/cat_CL70401
L3,Office Supplies,Storage & Organization,Desk Organizers,,https://www.staples.com/Desk-Organizers-Accessories/cat_CG22
L3,Office Supplies,Storage & Organization,Desk Drawer Organizers,,https://www.staples.com/Drawer-Organizers/cat_CL163265
L3,Office Supplies,Storage & Organization,Storage Furniture,,https://www.staples.com/storage-furniture/cat_CG3392
L3,Office Supplies,Storage & Organization,Bookshelves,,https://www.staples.com/Bookcases-Bookshelves/cat_CL166206
L3,Office Supplies,Storage & Organization,Storage Cubes,,https://www.staples.com/storage-cubes/cat_CL16202
L3,Office Supplies,Storage & Organization,Storage Cabinets,,https://www.staples.com/Storage-Cabinets/cat_CL140910
L3,Office Supplies,Storage & Organization,Closet Storage & Organization,,https://www.staples.com/Closet-Storage-Organizers/cat_CL215220
L3,Office Supplies,Storage & Organization,Shelving,,https://www.staples.com/Shelving/cat_CL140911
L3,Office Supplies,Storage & Organization,Classroom Storage,,https://www.staples.com/Classroom-Storage-Organization/cat_CL207294
L3,Office Supplies,Storage & Organization,Carts & Stands,,https://www.staples.com/carts-stands/cat_CG3721
L3,Office Supplies,Storage & Organization,Label Makers & Tapes,,https://www.staples.com/Label-Makers-Tapes/cat_CG3619
L3,Office Supplies,Storage & Organization,Binders,,https://www.staples.com/Binders/cat_CL167205
L3,Office Supplies,Storage & Organization,Folders & Filing,,https://www.staples.com/Folders-Filing/cat_CG3539
L3,Office Supplies,Storage & Organization,Labels,,https://www.staples.com/Labels/cat_CL142725
L3,Office Supplies,Storage & Organization,Shredders,,https://www.staples.com/Shredders/cat_CL141980
L3,Office Supplies,Storage & Organization,Moving Supplies,,https://www.staples.com/Moving-Supplies/cat_CL221465
L3,Office Supplies,Storage & Organization,Cardboard Boxes,,https://www.staples.com/Shipping-Boxes/cat_CL213835
L3,Office Supplies,Storage & Organization,Bubble Roll Cushioning,,https://www.staples.com/Bubble-Rolls/cat_CL350310
L3,Office Supplies,Storage & Organization,Literature & Mail Sorters,,https://www.staples.com/Literature-Mail-Sorters/cat_CL141866
L3,Office Supplies,Storage & Organization,Hooks & hanging strips,,https://www.staples.com/Hooks-Hanging-Strips/cat_CL215292
L3,Office Supplies,Storage & Organization,Closet Organizers & clothes hangers,,https://www.staples.com/Clothing-Hangers-Accessories/cat_CL209058
L3,Office Supplies,Storage & Organization,Storage Baskets,,https://www.staples.com/Storage-Baskets/cat_CL354705
L3,Office Supplies,Storage & Organization,Closet Storage & Organizers,,https://www.staples.com/Clothing-Racks-Closet-Organization/cat_DP10510
L2,Office Supplies,Desk Organizers & Accessories,,,https://www.staples.com/Desk-Organizers-Accessories/cat_CG22
L3,Office Supplies,Desk Organizers & Accessories,Wall Files,,https://www.staples.com/Wall-Files/cat_CL142107
L3,Office Supplies,Desk Organizers & Accessories,Business Card Holders & Files,,https://www.staples.com/Business-Card-Holders-Files/cat_CL163092
L3,Office Supplies,Desk Organizers & Accessories,Bookends,,https://www.staples.com/Bookends/cat_CL142117
L3,Office Supplies,Desk Organizers & Accessories,Desk Pads,,https://www.staples.com/Desk-Pads/cat_CL140589
L3,Office Supplies,Desk Organizers & Accessories,Drawer Organizers,,https://www.staples.com/Drawer-Organizers/cat_CL163265
L3,Office Supplies,Desk Organizers & Accessories,File Organizers,,https://www.staples.com/File-Organizers/cat_CL354546
L3,Office Supplies,Desk Organizers & Accessories,Book & Document Holders,,https://www.staples.com/Book-Document-Holders/cat_CL354545
L3,Office Supplies,Desk Organizers & Accessories,Desk Organizer Sets,,https://www.staples.com/Desk-Organizer-Sets/cat_CL140986
L3,Office Supplies,Desk Organizers & Accessories,File Sorters,,https://www.staples.com/File-Sorters/cat_CL163317
L3,Office Supplies,Desk Organizers & Accessories,Magazine Holders,,https://www.staples.com/Magazine-Holders/cat_CL160476
L3,Office Supplies,Desk Organizers & Accessories,Desk Organizers,,https://www.staples.com/Desk-Organizers/cat_CL140991
L3,Office Supplies,Desk Organizers & Accessories,Letter & Desktop Trays,,https://www.staples.com/Letter-Desktop-Trays/cat_CL142133
L3,Office Supplies,Desk Organizers & Accessories,Pencil Cups,,https://www.staples.com/pen-holders/cat_CL140991/x18ur
L2,Office Supplies,School Supplies,,,https://www.staples.com/School-Supplies/cat_SC350235
L2,Office Supplies,Boards & Easels,,,https://www.staples.com/Boards-Easels-Dry-Erase/cat_CG101
L3,Office Supplies,Boards & Easels,Dry Erase & Whiteboards,,https://www.staples.com/Dry-Erase-Whiteboards/cat_CL166382
L3,Office Supplies,Boards & Easels,Bulletin & Cork Boards,,https://www.staples.com/Bulletin-Boards/cat_CL142403
L3,Office Supplies,Boards & Easels,"Board Erasers, Cleaners & Accessories",,https://www.staples.com/Board-Accessories/cat_CL142825
L3,Office Supplies,Boards & Easels,Thumb Tacks & Push Pins,,https://www.staples.com/Thumb-Tacks-Push-Pins/cat_CL354692
L3,Office Supplies,Boards & Easels,"Foam, Presentation & Poster Boards",,https://www.staples.com/Display-Boards/cat_CL140934
L3,Office Supplies,Boards & Easels,Display Easels & Stands,,https://www.staples.com/Easels/cat_CL163752
L3,Office Supplies,Boards & Easels,Easel Pads,,https://www.staples.com/Easel-Pads/cat_CL140915
L3,Office Supplies,Boards & Easels,Dry Erase Calendar Boards,,https://www.staples.com/Calendar-In-Out-Boards/cat_CL142105
L3,Office Supplies,Boards & Easels,Chalkboards,,https://www.staples.com/Chalkboards/cat_CL130202
L3,Office Supplies,Boards & Easels,Chalk,,https://www.staples.com/Chalk/cat_CL110502
L3,Office Supplies,Boards & Easels,Projectors,,https://www.staples.com/Projectors/cat_CL140542
L3,Office Supplies,Boards & Easels,Projector Screens,,https://www.staples.com/Projector-Screens/cat_CL141762
L3,Office Supplies,Boards & Easels,Document Cameras,,https://www.staples.com/Document-Cameras/cat_CL169123
L3,Office Supplies,Boards & Easels,Decorative Board Accents,,https://www.staples.com/Decorative-Accents-Board-Sets/cat_CL219245
L3,Office Supplies,Boards & Easels,Mounting Tape,,https://www.staples.com/Mounting-Tape/cat_CL350610
L3,Office Supplies,Boards & Easels,Classroom Posters,,https://www.staples.com/Classroom-Posters-Charts/cat_CL166104
L3,Office Supplies,Boards & Easels,Art Canvases,,https://www.staples.com/Canvas-Art-Boards/cat_CL219042
L2,Office Supplies,Arts & Crafts Supplies,,,https://www.staples.com/arts-crafts/cat_SC5787
L2,Office Supplies,"Bags, Briefcases & Backpacks",,,https://www.staples.com/bags-backpacks-luggage/cat_SC5884
L2,Office Supplies,Postage Stamps,,,https://www.staples.com/Postage-Stamps/cat_CL354846
L2,Office Supplies,Markers,,,https://www.staples.com/Markers/cat_CL140896
L2,Office Supplies,Highlighters,,,https://www.staples.com/Highlighters/cat_CL158890
L2,Office Supplies,Pencil Sharpeners,,,https://www.staples.com/Pencil-Sharpeners/cat_CL110300
L2,Office Supplies,Correction & White-Out,,,https://www.staples.com/Correction-White-Out/cat_CL350630
L2,Office Supplies,Staplers,,,https://www.staples.com/Staplers/cat_CL10700
L2,Office Supplies,Post-It & Sticky Notes,,,https://www.staples.com/post-it-sticky-notes/cat_CG3861
L3,Office Supplies,Post-It & Sticky Notes,Sticky Notes,,https://www.staples.com/Post-it-Sticky-Notes/cat_CL165755
L3,Office Supplies,Post-It & Sticky Notes,Sticky Tabs & Flags,,https://www.staples.com/Post-it-Sticky-Flags-Tabs/cat_CL165756
L3,Office Supplies,Post-It & Sticky Notes,Pop-Up Sticky Note Dispensers,,https://www.staples.com/Post-it-and-Sticky-Notes-Dispensers/cat_CL165757
L3,Office Supplies,Post-It & Sticky Notes,Sticky Easel Pads,,https://www.staples.com/self-stick-easel-pads/cat_CL140915/9ot1l
L3,Office Supplies,Post-It & Sticky Notes,Novelty notes,,https://www.staples.com/Post-it-Novelty-Post-it-Notes/cat_CL211299/006ou
L2,Office Supplies,Notebooks,,,https://www.staples.com/Notebooks/cat_CL165557
L2,Office Supplies,Notepads,,,https://www.staples.com/Notepads/cat_CL220835
L2,Office Supplies,Clips & Fasteners,,,https://www.staples.com/Clips-Fasteners/cat_CL10102
L2,Office Supplies,Hanging File Folders,,,https://www.staples.com/Hanging-File-Folders/cat_CL140599
L2,Office Supplies,Scissors,,,https://www.staples.com/Scissors/cat_CL10504
L2,Office Supplies,Retail Store Supplies,,,https://www.staples.com/retail-store-supplies/cat_SC5421
L2,Office Supplies,Printer paper,,,https://www.staples.com/Copy-Printer-Paper/cat_CL140691
L2,Office Supplies,desk organizer sets,,,https://www.staples.com/Desk-Organizer-Sets/cat_CL140986
L2,Office Supplies,laptops,,,https://www.staples.com/Laptops/cat_CL167289
L2,Office Supplies,desktop computers,,,https://www.staples.com/Desktop-Computers/cat_CL167288
L1,Paper,,,,https://www.staples.com/paper/cat_SC1676
L2,Paper,Copy & Printer Paper,,,https://www.staples.com/Copy-Printer-Paper/cat_CL140691
L2,Paper,Wide Format Paper,,,https://www.staples.com/Wide-Format-Paper/cat_CL142870
L2,Paper,Card Stock,,,https://www.staples.com/Card-Stock/cat_CL214438
L2,Paper,Notebooks,,,https://www.staples.com/Notebooks/cat_CL165557
L2,Paper,Notepads,,,https://www.staples.com/Notepads/cat_CL220835
L2,Paper,Post-it & Sticky Notes,,,https://www.staples.com/post-it-sticky-notes/cat_CG3861
L2,Paper,POS Paper,,,https://www.staples.com/POS-Paper/cat_CL140671
L2,Paper,Certificates & Holders,,,https://www.staples.com/Certificates-Holders/cat_CL158858
L2,Paper,Business & Loyalty Cards,,,https://www.staples.com/Business-Loyalty-Cards/cat_CL206118
L2,Paper,Classroom Paper,,,https://www.staples.com/Classroom-Paper/cat_CL216715
L2,Paper,Loose Leaf & Graph Paper,,,https://www.staples.com/Loose-Leaf-Graph-Paper/cat_CL161811
L2,Paper,Thermal Fax Paper Rolls,,,https://www.staples.com/Thermal-Fax-Paper-Rolls/cat_CL140672
L2,Paper,Index Cards,,,https://www.staples.com/Index-Cards/cat_CL214476
L2,Paper,Easel Pads,,,https://www.staples.com/Easel-Pads/cat_CL140915
L2,Paper,Fine Business & Resume Papers,,,https://www.staples.com/Fine-Business-Resume-Papers/cat_CL221518
L2,Paper,Construction Paper,,,https://www.staples.com/Construction-Paper/cat_CL350245
L2,Paper,Presentation & Photo Paper,,,https://www.staples.com/Presentation-Photo-Paper/cat_CL168887
L2,Paper,Forms & Recordkeeping,,,https://www.staples.com/forms-recordkeeping/cat_CG3717
L3,Paper,Forms & Recordkeeping,Medical Forms,,https://www.staples.com/Medical-Forms/cat_CL214615
L3,Paper,Forms & Recordkeeping,Business Forms,,https://www.staples.com/Business-Forms/cat_CL141007
L3,Paper,Forms & Recordkeeping,Accounting & Record Journals,,https://www.staples.com/Accounting-Record-Journals/cat_CL100501
L3,Paper,Forms & Recordkeeping,Digital Legal Forms,,https://www.staples.com/Digital-Legal-Forms/cat_CL216640
L3,Paper,Forms & Recordkeeping,HR Forms,,https://www.staples.com/HR-Forms/cat_CL164585
L3,Paper,Forms & Recordkeeping,Tax Forms & Envelopes,,https://www.staples.com/Tax-Forms-Envelopes/cat_CL168347
L2,Paper,Security & Carbon Paper,,,https://www.staples.com/Security-Carbon-Paper/cat_CL206130
L2,Paper,Stationery & Invitations,,,https://www.staples.com/Stationery-Invitations/cat_CG350061
L2,Paper,Envelopes,,,https://www.staples.com/Envelopes/cat_CG23
L2,Paper,Calendars & Planners,,,https://www.staples.com/Calendars-Planners/cat_CG12
L1,Printers & Scanners,,,,https://www.staples.com/printers-scanners/cat_SC5435
L2,Printers & Scanners,All Printers,,,https://www.staples.com/Printers/cat_CL167883
L2,Printers & Scanners,Scanners & Scanner Accessories,,,https://www.staples.com/Scanners-Scanner-Accessories/cat_CG350196
L3,Printers & Scanners,Scanners & Scanner Accessories,Scanners,,https://www.staples.com/Scanners/cat_CL158948
L3,Printers & Scanners,Scanners & Scanner Accessories,Scanner Accessories,,https://www.staples.com/Scanner-Accessories-Replacement-Parts/cat_CL168162
L2,Printers & Scanners,All-in-One Printers,,,https://www.staples.com/All-In-One-Printers/cat_CL167883/8v6qy
L2,Printers & Scanners,Inkjet Printers,,,https://www.staples.com/inkjet-printers/cat_CL167883/5553t
L2,Printers & Scanners,Laser Printers,,,https://www.staples.com/laser-printers/cat_CL167883/a9b2x
L2,Printers & Scanners,Wireless Printers,,,https://www.staples.com/Wireless-Printers/cat_CL167883/6gcma
L2,Printers & Scanners,Photo Printers,,,https://www.staples.com/photo-printers/cat_CL167883/7bw2s
L2,Printers & Scanners,Printer Accessories & Replacement Parts,,,https://www.staples.com/Printer-Accessories-Replacement-Parts/cat_CL140828
L2,Printers & Scanners,Home Office Printers,,,https://www.staples.com/home-office-printers/cat_CL167883/ax8nw
L2,Printers & Scanners,3D Printers,,,https://www.staples.com/3D-Printers/cat_CL211598
L2,Printers & Scanners,3D Printer Parts & Accessories,,,https://www.staples.com/3D-Printer-Parts-Accessories/cat_CL214385
L2,Printers & Scanners,Photo Scanners,,,https://www.staples.com/Photo-Scanners/cat_CL158948/abtrd
L2,Printers & Scanners,Document Scanners,,,https://www.staples.com/document-scanners/cat_CL158948/9ylr0
L1,Safety Supplies,,,,https://www.staples.com/Safety-Supplies/cat_SC1718
L2,Safety Supplies,Custom Marketing Materials,,,https://www.staples.com/Custom-Marketing-Materials/cat_CL167719
L2,Safety Supplies,Laminators & Supplies,,,https://www.staples.com/Laminators-Supplies/cat_DP2148
L2,Safety Supplies,Disposable Gloves,,,https://www.staples.com/Disposable-Gloves/cat_CL167009
L2,Safety Supplies,First Aid Kits,,,https://www.staples.com/First-Aid-Kits/cat_CL80401
L2,Safety Supplies,First Aid Cabinets,,,https://www.staples.com/first-aid-cabinets/cat_CL80401/oj5ye
L2,Safety Supplies,AED,,,https://www.staples.com/Defibrillators/cat_CL162006
L2,Safety Supplies,Adhesive Bandages,,,https://www.staples.com/Adhesive-Bandages/cat_CL140885
L2,Safety Supplies,Work Gloves,,,https://www.staples.com/Work-Gloves/cat_CL354511
L2,Safety Supplies,Safety Glasses,,,https://www.staples.com/Safety-Glasses-Goggles-Accessories/cat_CL167003
L2,Safety Supplies,Safety Vests,,,https://www.staples.com/Safety-Vests-High-Visibility-Clothing/cat_CL169143
L2,Safety Supplies,Back Supports,,,https://www.staples.com/Ergonomic-Support/cat_CL167043
L2,Safety Supplies,Eyewash Stations,,,https://www.staples.com/Eyewash-Stations-Showers/cat_CL350695
L2,Safety Supplies,Padlocks,,,https://www.staples.com/Padlocks/cat_CL167001
L2,Safety Supplies,First Aid,,,https://www.staples.com/First-Aid/cat_DP11032
L2,Safety Supplies,Pain Relievers,,,https://www.staples.com/Pain-Relievers/cat_CL140891
L2,Safety Supplies,"Cough, Cold & Flu Medicine",,,https://www.staples.com/Cough-Cold-Flu-Allergy/cat_CL168672
L2,Safety Supplies,Hand Protection,,,https://www.staples.com/Gloves-Hand-Protection/cat_DP350295
L2,Safety Supplies,Emergency & Trauma Response,,,https://www.staples.com/Emergency-Preparedness/cat_CL164832
L2,Safety Supplies,"CPR, AED & First Aid Training",,,https://www.staples.com/First-Aid-AED-CPR-Training-Program-Management/cat_CL354615
L2,Safety Supplies,Patient Care,,,https://www.staples.com/Healthcare-Supplies/cat_SC1929
L2,Safety Supplies,Exam Table Paper,,,https://www.staples.com/Exam-Table-Paper/cat_CL161993
L2,Safety Supplies,Exam Room Status Flags,,,https://www.staples.com/Exam-Room-Status-Flags/cat_CL162013
L2,Safety Supplies,Blood Pressure Monitors,,,https://www.staples.com/Blood-Pressure-Monitors/cat_CL162004
L2,Safety Supplies,Thermometers,,,https://www.staples.com/Medical-Thermometers/cat_CL167138
L2,Safety Supplies,Scales,,,https://www.staples.com/Health-Body-Weight-Scales/cat_CL167416
L2,Safety Supplies,Mobility Aids,,,https://www.staples.com/Wheelchairs/cat_CL168364
L2,Safety Supplies,Personal Protective Equipment (PPE),,,https://www.staples.com/Personal-Protective-Equipment-PPE/cat_CG1398
L2,Safety Supplies,Hard Hats,,,https://www.staples.com/Hard-Hats-Safety-Helmets/cat_CL167013
L2,Safety Supplies,Respiratory Protection,,,https://www.staples.com/Face-Masks-Respirators/cat_CL167000
L2,Safety Supplies,Ear Plugs & Hearing Protection,,,https://www.staples.com/Ear-Protection/cat_CL167051
L2,Safety Supplies,Protective Clothing & Workwear,,,https://www.staples.com/Workwear-Rainwear/cat_DP9817
L2,Safety Supplies,Shoe Covers,,,https://www.staples.com/Footwear-Covers/cat_CL167041
L2,Safety Supplies,Beard & Hair Nets,,,https://www.staples.com/Beard-Hair-Nets/cat_CL167295
L2,Safety Supplies,Coveralls,,,https://www.staples.com/Coveralls-Overalls/cat_CL214831
L2,Safety Supplies,Fire Extinguishers,,,https://www.staples.com/Fire-Extinguishers/cat_CL166489
L2,Safety Supplies,Smoke/CO2 Detectors,,,https://www.staples.com/Smoke-Alarms-Carbon-Monoxide-Detectors/cat_CL169139
L2,Safety Supplies,Signage,,,https://www.staples.com/Safety-Signs/cat_CL167011
L2,Safety Supplies,Stanchions & Barricades,,,https://www.staples.com/Stanchions-Barricades/cat_CL354515
L2,Safety Supplies,Traffic Cones,,,https://www.staples.com/Traffic-Cones/cat_CL354521
L2,Safety Supplies,Spill Kits & Containment,,,https://www.staples.com/Spill-Containment-Sorbents/cat_CL165294
L2,Safety Supplies,Labor Law Posters,,,https://www.staples.com/Labor-Law-Posters/cat_CL140895
L2,Safety Supplies,Safety Labels & Tags,,,https://www.staples.com/Safety-Labels-Tags/cat_CL212203
L2,Safety Supplies,Meeting & Presentation Supplies,,,https://www.staples.com/Meeting-Presentation-Supplies/cat_CG3720
L2,Safety Supplies,cleaning maintenance,,,https://www.staples.com/cleaning-maintenance/cat_CG1238
L2,Safety Supplies,Waste Recycling Products,,,https://www.staples.com/Waste-Recycling-Products/cat_CG2827
L2,Safety Supplies,natural cleaning supplies,,,https://www.staples.com/natural-cleaning-supplies/cat_CG350171
L2,Safety Supplies,Laundry Room Supplies,,,https://www.staples.com/Laundry-Room-Supplies/cat_CG3735
L2,Safety Supplies,Floor Carpet Cleaning Equipment,,,https://www.staples.com/Floor-Carpet-Cleaning-Equipment/cat_CG3924
L2,Safety Supplies,Dish Warewash Care,,,https://www.staples.com/dishwashing/cat_CG3925
L2,Safety Supplies,Facility Maintenance,,,https://www.staples.com/Facility-Maintenance/cat_CG3929
L1,School Supplies,,,,https://www.staples.com/School-Supplies/cat_SC350235
L2,School Supplies,Teacher & Classroom Supplies,,,https://www.staples.com/education/cat_SC1686
L2,School Supplies,Preschool Supplies,,,https://www.staples.com/preschool-supplies/cat_CG350600
L3,School Supplies,Preschool Supplies,Pretend Play & Dress up,,https://www.staples.com/Pretend-Play-Dress-Up/cat_CL206883
L3,School Supplies,Preschool Supplies,Rest Mats,,https://www.staples.com/Rest-Mats/cat_CL219723
L3,School Supplies,Preschool Supplies,School Chalk,,https://www.staples.com/Chalk/cat_CL110502
L3,School Supplies,Preschool Supplies,Kids Scissors,,https://www.staples.com/Kids-Scissors/cat_CL354151
L3,School Supplies,Preschool Supplies,School Crayons,,https://www.staples.com/School-Crayons/cat_CL354150
L3,School Supplies,Preschool Supplies,Kids' Paint,,https://www.staples.com/Kids-Paint/cat_CL354146
L3,School Supplies,Preschool Supplies,School Glue & Glue Sticks,,https://www.staples.com/School-Glue-Glue-Sticks/cat_CL354134
L3,School Supplies,Preschool Supplies,Classroom Paper for School,,https://www.staples.com/Classroom-Paper-for-School/cat_CL354001
L3,School Supplies,Preschool Supplies,Preschool Handwriting Supplies,,https://www.staples.com/Preschool-Handwriting-Supplies/cat_CL354249
L3,School Supplies,Preschool Supplies,Learning Toys,,https://www.staples.com/Learning-Toys/cat_CL354248
L3,School Supplies,Preschool Supplies,Preschool Learning Games,,https://www.staples.com/Preschool-Learning-Games/cat_CL354247
L3,School Supplies,Preschool Supplies,Classroom Carpet Spots,,https://www.staples.com/Classroom-Carpet-Spots/cat_CL354246
L3,School Supplies,Preschool Supplies,Musical Instruments,,https://www.staples.com/Musical-Instruments/cat_CL207326
L3,School Supplies,Preschool Supplies,Dolls & Dollhouses,,https://www.staples.com/Dolls-Dollhouses/cat_CL212627
L3,School Supplies,Preschool Supplies,Stuffed Animals & Puppets,,https://www.staples.com/Stuffed-Animals-Puppets/cat_CL206872
L3,School Supplies,Preschool Supplies,Outdoor Play,,https://www.staples.com/Outdoor-Play/cat_CL354242
L3,School Supplies,Preschool Supplies,School Games & Puzzles,,https://www.staples.com/school-games-puzzles-toys/cat_DP353570
L3,School Supplies,Preschool Supplies,Letters & Numbers,,https://www.staples.com/Letters-Numbers/cat_CL207283
L3,School Supplies,Preschool Supplies,Preschool Educational Toys,,https://www.staples.com/preschool-educational-stem-toys/cat_CL212812/hhdum
L2,School Supplies,Elementary Supplies,,,https://www.staples.com/elementary-school-supplies/cat_CG350606
L3,School Supplies,Elementary Supplies,Composition Notebooks,,https://www.staples.com/composition-notebooks/cat_CL165557/o4s1q
L3,School Supplies,Elementary Supplies,Subject Notebooks,,https://www.staples.com/subject-notebooks/cat_CL165557/l782r
L3,School Supplies,Elementary Supplies,Pencil Cases & Pouches,,https://www.staples.com/Pencil-Cases-Pouches/cat_CL141253
L3,School Supplies,Elementary Supplies,Classroom Scissors,,https://www.staples.com/Kid-s-Scissors/cat_CL10504/87guc
L3,School Supplies,Elementary Supplies,Dry Erase Markers for School,,https://www.staples.com/Dry-Erase-Markers-for-School/cat_CL354058
L3,School Supplies,Elementary Supplies,School Dry Erase Boards,,https://www.staples.com/School-Dry-Erase-Boards/cat_CL354213
L3,School Supplies,Elementary Supplies,Teaching Supplies,,https://www.staples.com/teaching-supplies/cat_DP353497
L3,School Supplies,Elementary Supplies,Classroom Cleaning Supplies,,https://www.staples.com/classroom-cleaning-supplies/cat_DP353507
L3,School Supplies,Elementary Supplies,STEM Education Supplies,,https://www.staples.com/stem-education-supplies/cat_DP353505
L3,School Supplies,Elementary Supplies,Lesson Plan & Grade Books,,https://www.staples.com/Lesson-Plans-Grade-Books/cat_CL207302
L3,School Supplies,Elementary Supplies,School Headphones,,https://www.staples.com/School-Headphones/cat_CL354216
L2,School Supplies,Middle School Supplies,,,https://www.staples.com/middle-school-supplies/cat_CG350612
L3,School Supplies,Middle School Supplies,Locker Accessories,,https://www.staples.com/Locker-Accessories/cat_CL350826
L3,School Supplies,Middle School Supplies,Notebook Paper,,https://www.staples.com/Notebook-Paper/cat_CL354005
L3,School Supplies,Middle School Supplies,Classroom Essentials,,https://www.staples.com/classroom-essentials/cat_CG350601
L3,School Supplies,Middle School Supplies,Student Laptops,,https://www.staples.com/student-laptops/cat_CL167289/h44a9
L2,School Supplies,High School Supplies,,,https://www.staples.com/high-school-supplies/cat_CG350614
L3,School Supplies,High School Supplies,Locker Accessories,,https://www.staples.com/Locker-Accessories/cat_CL354250
L3,School Supplies,High School Supplies,Smart Notebooks,,https://www.staples.com/smart-notebooks/cat_CL165557/hxnps
L3,School Supplies,High School Supplies,Lab Notebooks,,https://www.staples.com/Lab-Notebooks-Recorders-Dataloggers/cat_CL215478
L2,School Supplies,College Supplies,,,https://www.staples.com/college-supplies/cat_CG350616
L3,School Supplies,College Supplies,Computer & Accessories for School,,https://www.staples.com/computers-accessories-for-school/cat_DP353494
L3,School Supplies,College Supplies,Printers & Scanners for School,,https://www.staples.com/printers-scanners-for-school/cat_DP353500
L3,School Supplies,College Supplies,Subject Notebooks,,https://www.staples.com/Subject-Notebooks/cat_CL354049
L3,School Supplies,College Supplies,Floor Lamps,,https://www.staples.com/Floor-Lamps/cat_CL216710
L3,School Supplies,College Supplies,Blankets & Throws,,https://www.staples.com/Blankets-Throws/cat_CL168612
L3,School Supplies,College Supplies,Wall Art,,https://www.staples.com/Wall-Art-Decor/cat_CL140795
L3,School Supplies,College Supplies,Mini Fridge,,https://www.staples.com/Refrigerators/cat_CL140861
L3,School Supplies,College Supplies,Countertop Microwaves,,https://www.staples.com/Microwaves/cat_CL141070
L3,School Supplies,College Supplies,Blenders,,https://www.staples.com/Blenders-Food-Processors/cat_CL166367
L3,School Supplies,College Supplies,Toasters,,https://www.staples.com/Toaster-Ovens/cat_CL210338
L3,School Supplies,College Supplies,"Laundry Baskets, Hampers & Sorters",,https://www.staples.com/Laundry-Baskets-Hampers-Sorters/cat_CL168188
L3,School Supplies,College Supplies,Stain Removers,,https://www.staples.com/Laundry-Stain-Removers/cat_CL354277
L3,School Supplies,College Supplies,Sketchbooks,,https://www.staples.com/Sketch-Pads-Books/cat_CL167639
L3,School Supplies,College Supplies,Graphic Tablets,,https://www.staples.com/Graphic-Tablets/cat_CL163234
L3,School Supplies,College Supplies,Art Portfolios & Craft Storage,,https://www.staples.com/Art-Portfolios-Craft-Storage/cat_CL166121
L3,School Supplies,College Supplies,Lab Coats,,https://www.staples.com/Lab-Coats/cat_CL168217/7xoa1
L3,School Supplies,College Supplies,Drafting Supplies,,https://www.staples.com/Drafting-Supplies/cat_CL100100
L3,School Supplies,College Supplies,Flash Cards,,https://www.staples.com/Flash-Cards/cat_CL207266
L3,School Supplies,College Supplies,Journals & Diaries,,https://www.staples.com/Journals-Diaries/cat_CL166390
L3,School Supplies,College Supplies,Stethoscopes,,https://www.staples.com/Stethoscopes/cat_CL162003
L3,School Supplies,College Supplies,Voice Recorders,,https://www.staples.com/Voice-Recorders/cat_CL140515
L3,School Supplies,College Supplies,Chargers & Charging Cables,,https://www.staples.com/Chargers-Charging-Cables/cat_CL162051
L2,School Supplies,School Art,,,https://www.staples.com/school-art-supplies/cat_CG350597
L3,School Supplies,School Art,Colored Pencils,,https://www.staples.com/Drawing-Colored-Pencils/cat_CL221589
L3,School Supplies,School Art,Canvas & Art Boards for the Classroom,,https://www.staples.com/Canvas-Art-Boards-for-the-Classroom/cat_CL354154
L3,School Supplies,School Art,Drawing Supplies,,https://www.staples.com/Drawing-Tools-Supplies/cat_CL110202
L3,School Supplies,School Art,Coloring Books,,https://www.staples.com/Coloring-Books/cat_CL219108
L3,School Supplies,School Art,Cardstock,,https://www.staples.com/Card-Stock/cat_CL214438
L3,School Supplies,School Art,Drafting Supplies,,https://www.staples.com/Drafting-Supplies/cat_CL100100
L3,School Supplies,School Art,Stamps & Stencils,,https://www.staples.com/Stamps-Stencils/cat_CL166122
L3,School Supplies,School Art,Art Brushes,,https://www.staples.com/Art-Brushes/cat_CL218950
L3,School Supplies,School Art,Craft Sticks,,https://www.staples.com/craft-sticks/cat_CL142735/hk6d4
L3,School Supplies,School Art,School Chalk,,https://www.staples.com/School-Chalk/cat_CL354141
L3,School Supplies,School Art,Art Class Paints,,https://www.staples.com/Art-Class-Paint/cat_CL354147
L3,School Supplies,School Art,Air Dry & Modeling Clay,,https://www.staples.com/air-dry-and-modeling-clay/cat_CL142735/6z9mk
L2,School Supplies,School Tech,,,https://www.staples.com/school-tech/cat_CG350603
L3,School Supplies,School Tech,School Audio Equipment,,https://www.staples.com/school-audio-equipment/cat_DP353501
L3,School Supplies,School Tech,AV & Media Carts,,https://www.staples.com/a-v-carts/cat_CL142173/664io
L3,School Supplies,School Tech,Portable Hard Drives for School,,https://www.staples.com/portable-hard-drives-for-school/cat_DP353495
L3,School Supplies,School Tech,Digital Notebooks,,https://www.staples.com/Digital-Notebooks-Accessories/cat_CL354964
L3,School Supplies,School Tech,Tablet Cases & Keyboards,,https://www.staples.com/Tablet-iPad-Cases-Covers-Keyboards/cat_CL166405
L3,School Supplies,School Tech,Cables,,https://www.staples.com/Cables/cat_CL140452
L3,School Supplies,School Tech,Student Power Banks,,https://www.staples.com/Student-Power-Banks/cat_CL354214
L2,School Supplies,School Bags & Lunch Boxes,,,https://www.staples.com/school-bags-lunch-boxes/cat_CG350602
L3,School Supplies,School Bags & Lunch Boxes,Backpacks,,https://www.staples.com/Backpacks/cat_CL142745
L3,School Supplies,School Bags & Lunch Boxes,Lunch Boxes & Bags,,https://www.staples.com/Lunch-Bags-Boxes/cat_CL165124
L3,School Supplies,School Bags & Lunch Boxes,Water Bottles & Tumblers,,https://www.staples.com/Water-Bottles-Tumblers-Travel-Mugs/cat_CL354650
L3,School Supplies,School Bags & Lunch Boxes,Laptop Bags,,https://www.staples.com/Laptop-Bags/cat_CL140978
L3,School Supplies,School Bags & Lunch Boxes,Messenger Bags,,https://www.staples.com/Messenger-Bags/cat_CL142738
L3,School Supplies,School Bags & Lunch Boxes,College Backpacks,,https://www.staples.com/College-Backpacks/cat_CL354143
L3,School Supplies,School Bags & Lunch Boxes,Gym Bags & Duffel Bags,,https://www.staples.com/Sport-Duffel-Bags/cat_CL167328
L3,School Supplies,School Bags & Lunch Boxes,School Rolling Backpacks,,https://www.staples.com/School-Rolling-Backpacks/cat_CL354164
L3,School Supplies,School Bags & Lunch Boxes,Paper Lunch Bags,,https://www.staples.com/Paper-Lunch-Bags/cat_CL354168
L3,School Supplies,School Bags & Lunch Boxes,School Laptop Backpacks,,https://www.staples.com/School-Laptop-Backpacks/cat_CL354144
L2,School Supplies,Learning at Home,,,https://www.staples.com/learning-at-home/cat_CG350598
L1,Shipping & Moving Supplies,,,,https://www.staples.com/Shipping-Packing-Mailing-Supplies/cat_SC5585
L2,Shipping & Moving Supplies,Bubble Mailers,,,https://www.staples.com/bubble-wrap-envelopes/cat_CL142648/u3q5u
L2,Shipping & Moving Supplies,Padded Mailers,,,https://www.staples.com/padded-envelopes/cat_CL142648/c33f8
L2,Shipping & Moving Supplies,Poly Mailers,,,https://www.staples.com/mailers/cat_CL142648/4kq7b
L2,Shipping & Moving Supplies,Packing Tape,,,https://www.staples.com/Packing-Tape/cat_CL140631
L2,Shipping & Moving Supplies,Packing Tape Dispensers,,,https://www.staples.com/Packing-Tape-Dispensers/cat_CL350620
L2,Shipping & Moving Supplies,Labels,,,https://www.staples.com/Labels/cat_CL142725
L2,Shipping & Moving Supplies,Postal Scales,,,https://www.staples.com/Postal-Scales-Meters/cat_CL141867
L2,Shipping & Moving Supplies,Shipping & Packing Supplies,,,https://www.staples.com/Shipping-Supplies/cat_CG1257
L3,Shipping & Moving Supplies,Shipping & Packing Supplies,Cushioning & Void Fill,,https://www.staples.com/Cushioning-Void-Fill/cat_DP350126
L3,Shipping & Moving Supplies,Shipping & Packing Supplies,Corrugated Boxes & Pads,,https://www.staples.com/Corrugated-Boxes-Pads/cat_DP350125
L3,Shipping & Moving Supplies,Shipping & Packing Supplies,Strapping & Strapping Equipment,,https://www.staples.com/Strapping-Strapping-Equipment/cat_DP350130
L3,Shipping & Moving Supplies,Shipping & Packing Supplies,Desiccants & Cold Packs,,https://www.staples.com/Desiccants-Cold-Packs/cat_DP350275
L3,Shipping & Moving Supplies,Shipping & Packing Supplies,Stretch & Shrink Film,,https://www.staples.com/Stretch-Shrink-Film/cat_DP350131
L3,Shipping & Moving Supplies,Shipping & Packing Supplies,Poly Bags & Tubing,,https://www.staples.com/Poly-Bags-Tubing/cat_DP10030
L3,Shipping & Moving Supplies,Shipping & Packing Supplies,Package Identification & Indicators,,https://www.staples.com/Package-Identification-Indicators/cat_DP350280
L3,Shipping & Moving Supplies,Shipping & Packing Supplies,Packing Tape & Dispensers,,https://www.staples.com/Packing-Tape-Dispensers/cat_DP350281
L3,Shipping & Moving Supplies,Shipping & Packing Supplies,Packing Peanuts,,https://www.staples.com/Packing-Peanuts/cat_CL141645
L3,Shipping & Moving Supplies,Shipping & Packing Supplies,Labels,,https://www.staples.com/Labels/cat_CL142725
L2,Shipping & Moving Supplies,Corrugated Mailers,,,https://www.staples.com/Corrugated-Mailers/cat_CL141997
L2,Shipping & Moving Supplies,Shippers,,,https://www.staples.com/Shippers/cat_CL350280
L2,Shipping & Moving Supplies,Mailing Tubes,,,https://www.staples.com/Mailing-Tubes/cat_CL141868
L2,Shipping & Moving Supplies,Cushioning & Void Fill,,,https://www.staples.com/Cushioning-Void-Fill/cat_DP350126
L2,Shipping & Moving Supplies,Bubble Rolls,,,https://www.staples.com/Bubble-Rolls/cat_CL350310
L2,Shipping & Moving Supplies,Packing Paper Rolls,,,https://www.staples.com/Packing-Paper-Rolls/cat_CL350314
L2,Shipping & Moving Supplies,Poly Bags,,,https://www.staples.com/Poly-Bags/cat_CL350297
L2,Shipping & Moving Supplies,Mailing Supplies,,,https://www.staples.com/mailing-supplies/cat_CG16
L3,Shipping & Moving Supplies,Mailing Supplies,Mailers,,https://www.staples.com/Mailers/cat_CL142648
L3,Shipping & Moving Supplies,Mailing Supplies,Literature & Mail Sorters,,https://www.staples.com/Literature-Mail-Sorters/cat_CL141866
L3,Shipping & Moving Supplies,Mailing Supplies,Finger Pads & Moisteners,,https://www.staples.com/Finger-Pads-Moisteners/cat_CL141635
L3,Shipping & Moving Supplies,Mailing Supplies,Postal Scales & Meters,,https://www.staples.com/Postal-Scales-Meters/cat_CL141867
L3,Shipping & Moving Supplies,Mailing Supplies,Letter Openers,,https://www.staples.com/Letter-Openers/cat_CL10500
L3,Shipping & Moving Supplies,Mailing Supplies,Postage Stamps,,https://www.staples.com/Postage-Stamps/cat_CL354846
L3,Shipping & Moving Supplies,Mailing Supplies,Paper Folding Machines & Joggers,,https://www.staples.com/Paper-Folding-Machines-Joggers/cat_CL140639
L3,Shipping & Moving Supplies,Mailing Supplies,Mailing Tubes,,https://www.staples.com/Mailing-Tubes/cat_CL141868
L3,Shipping & Moving Supplies,Mailing Supplies,String & Twine,,https://www.staples.com/Rope-String-Twine/cat_CL141640
L2,Shipping & Moving Supplies,Strapping & Strapping Equipment,,,https://www.staples.com/Strapping-Strapping-Equipment/cat_DP350130
L2,Shipping & Moving Supplies,Desiccants & Cold Packs,,,https://www.staples.com/Desiccants-Cold-Packs/cat_DP350275
L2,Shipping & Moving Supplies,Stretch & Shrink Film,,,https://www.staples.com/Stretch-Shrink-Film/cat_DP350131
L2,Shipping & Moving Supplies,Poly Bags & Tubing,,,https://www.staples.com/Poly-Bags-Tubing/cat_DP10030
L2,Shipping & Moving Supplies,Shipping & Packing Dispensers,,,https://www.staples.com/Shipping-Packing-Dispensers/cat_CL350319
L2,Shipping & Moving Supplies,Moving Supplies,,,https://www.staples.com/Moving-Supplies/cat_CL221465
L2,Shipping & Moving Supplies,Packing List Envelopes,,,https://www.staples.com/Packing-List-Envelopes/cat_CL141896
L2,Shipping & Moving Supplies,Shipping Tags & Seals,,,https://www.staples.com/Shipping-Tags-Seals/cat_CL167807
L2,Shipping & Moving Supplies,Damage Indicators,,,https://www.staples.com/Damage-Indicators/cat_CL350290
L2,Shipping & Moving Supplies,Postage Stamps,,,https://www.staples.com/Postage-Stamps/cat_CL354846
L2,Shipping & Moving Supplies,Mailers,,,https://www.staples.com/Mailers/cat_CL142648
L2,Shipping & Moving Supplies,Envelopes,,,https://www.staples.com/Envelopes/cat_CL142681
L2,Shipping & Moving Supplies,Safety Cutters,,,https://www.staples.com/Box-Cutters-Utility-Knives/cat_CL163583
L2,Shipping & Moving Supplies,Hand Trucks & Dollies,,,https://www.staples.com/Hand-Trucks-Dollies/cat_CL167060
L2,Shipping & Moving Supplies,Layer Pads,,,https://www.staples.com/Layer-Pads/cat_CL350281
L2,Shipping & Moving Supplies,Edge Protectors,,,https://www.staples.com/Edge-Protectors/cat_CL218877
